Date,Open,High,Low,Close
2023-10-09T01:37:00.000Z,1.05607,1.05611,1.05599,1.05604
2023-10-09T01:38:00.000Z,1.05604,1.05606,1.05591,1.05593
2023-10-09T01:39:00.000Z,1.05593,1.05593,1.05586,1.05586
2023-10-09T01:40:00.000Z,1.05586,1.05586,1.05572,1.05572
2023-10-09T01:41:00.000Z,1.05572,1.05591,1.05572,1.0559
2023-10-09T01:42:00.000Z,1.0559,1.05593,1.05574,1.05576
2023-10-09T01:43:00.000Z,1.05577,1.05589,1.05576,1.05589
2023-10-09T01:44:00.000Z,1.05589,1.05599,1.05589,1.05599
2023-10-09T01:45:00.000Z,1.05599,1.05606,1.05595,1.05601
2023-10-09T01:46:00.000Z,1.05601,1.0561,1.05589,1.05604
2023-10-09T01:47:00.000Z,1.05604,1.05604,1.05594,1.056
2023-10-09T01:48:00.000Z,1.056,1.05605,1.05594,1.05605
2023-10-09T01:49:00.000Z,1.05605,1.05605,1.05592,1.05599
2023-10-09T01:50:00.000Z,1.05599,1.05605,1.05599,1.056
2023-10-09T01:51:00.000Z,1.056,1.056,1.05595,1.056
2023-10-09T01:52:00.000Z,1.056,1.05609,1.056,1.05608
2023-10-09T01:53:00.000Z,1.05607,1.05609,1.05599,1.05599
2023-10-09T01:54:00.000Z,1.05599,1.05612,1.05599,1.0561
2023-10-09T01:55:00.000Z,1.0561,1.05633,1.0561,1.05629
2023-10-09T01:56:00.000Z,1.05629,1.05636,1.05626,1.05626
2023-10-09T01:57:00.000Z,1.05626,1.05628,1.05621,1.05623
2023-10-09T01:58:00.000Z,1.05623,1.05624,1.05621,1.05621
2023-10-09T01:59:00.000Z,1.05621,1.05633,1.05621,1.05633
2023-10-09T02:00:00.000Z,1.05633,1.05636,1.05629,1.0563
2023-10-09T02:01:00.000Z,1.0563,1.05631,1.05624,1.05625
2023-10-09T02:02:00.000Z,1.05625,1.0563,1.05621,1.05626
2023-10-09T02:03:00.000Z,1.05626,1.05631,1.05615,1.05615
2023-10-09T02:04:00.000Z,1.05619,1.05619,1.05604,1.05607
2023-10-09T02:05:00.000Z,1.05601,1.05603,1.05595,1.05595
2023-10-09T02:06:00.000Z,1.05595,1.05603,1.05589,1.05589
2023-10-09T02:07:00.000Z,1.05589,1.05595,1.05588,1.05593
2023-10-09T02:08:00.000Z,1.05593,1.05603,1.05593,1.05603
2023-10-09T02:09:00.000Z,1.05603,1.05614,1.05603,1.05611
2023-10-09T02:10:00.000Z,1.05611,1.0563,1.05603,1.0563
2023-10-09T02:11:00.000Z,1.0563,1.0563,1.05621,1.05626
2023-10-09T02:12:00.000Z,1.05626,1.05635,1.05626,1.05628
2023-10-09T02:13:00.000Z,1.0563,1.05633,1.05628,1.0563
2023-10-09T02:14:00.000Z,1.0563,1.05637,1.05626,1.05634
2023-10-09T02:15:00.000Z,1.05634,1.0564,1.05634,1.05637
2023-10-09T02:16:00.000Z,1.05637,1.0565,1.05635,1.05645
2023-10-09T02:17:00.000Z,1.05645,1.05647,1.05639,1.05639
2023-10-09T02:18:00.000Z,1.05639,1.05645,1.05635,1.05645
2023-10-09T02:19:00.000Z,1.05642,1.05648,1.05638,1.05639
2023-10-09T02:20:00.000Z,1.05639,1.05641,1.05636,1.0564
2023-10-09T02:21:00.000Z,1.0564,1.05643,1.05638,1.0564
2023-10-09T02:22:00.000Z,1.0564,1.05647,1.05638,1.05646
2023-10-09T02:23:00.000Z,1.05646,1.05657,1.05646,1.05654
2023-10-09T02:24:00.000Z,1.05654,1.05655,1.05645,1.05645
2023-10-09T02:25:00.000Z,1.05645,1.05645,1.05631,1.05634
2023-10-09T02:26:00.000Z,1.05633,1.05645,1.0563,1.05643
2023-10-09T02:27:00.000Z,1.05643,1.05646,1.05639,1.05641
2023-10-09T02:28:00.000Z,1.05641,1.05642,1.05633,1.05635
2023-10-09T02:29:00.000Z,1.05635,1.05643,1.05635,1.05641
2023-10-09T02:30:00.000Z,1.05641,1.05646,1.05636,1.05639
2023-10-09T02:31:00.000Z,1.05639,1.05641,1.05635,1.05635
2023-10-09T02:32:00.000Z,1.05635,1.05641,1.05635,1.0564
2023-10-09T02:33:00.000Z,1.0564,1.0564,1.0563,1.0563
2023-10-09T02:34:00.000Z,1.0563,1.05632,1.05609,1.05629
2023-10-09T02:35:00.000Z,1.05629,1.05629,1.05622,1.05624
2023-10-09T02:36:00.000Z,1.05624,1.05625,1.05615,1.05618
2023-10-09T02:37:00.000Z,1.05618,1.05618,1.05611,1.05613
2023-10-09T02:38:00.000Z,1.05613,1.05622,1.05613,1.0562
2023-10-09T02:39:00.000Z,1.0562,1.0562,1.05615,1.05617
2023-10-09T02:40:00.000Z,1.05616,1.05621,1.05611,1.05616
2023-10-09T02:41:00.000Z,1.05616,1.05619,1.05611,1.05619
2023-10-09T02:42:00.000Z,1.05619,1.05621,1.05616,1.05616
2023-10-09T02:43:00.000Z,1.05616,1.05618,1.05613,1.05613
2023-10-09T02:44:00.000Z,1.05613,1.0562,1.05613,1.05619
2023-10-09T02:45:00.000Z,1.05619,1.0562,1.05614,1.0562
2023-10-09T02:46:00.000Z,1.0562,1.05623,1.05619,1.0562
2023-10-09T02:47:00.000Z,1.0562,1.05621,1.05615,1.05616
2023-10-09T02:48:00.000Z,1.05616,1.05616,1.05614,1.05616
2023-10-09T02:49:00.000Z,1.05616,1.0562,1.05616,1.0562
2023-10-09T02:50:00.000Z,1.05621,1.05624,1.05619,1.05621
2023-10-09T02:51:00.000Z,1.05621,1.05623,1.05619,1.05622
2023-10-09T02:52:00.000Z,1.05622,1.05624,1.05617,1.05622
2023-10-09T02:53:00.000Z,1.05624,1.05624,1.05621,1.05621
2023-10-09T02:54:00.000Z,1.05621,1.05627,1.05621,1.05624
2023-10-09T02:55:00.000Z,1.05624,1.05629,1.05624,1.05629
2023-10-09T02:56:00.000Z,1.05629,1.0563,1.05621,1.05621
2023-10-09T02:57:00.000Z,1.05621,1.05621,1.05611,1.05611
2023-10-09T02:58:00.000Z,1.05611,1.05611,1.05601,1.05611
2023-10-09T02:59:00.000Z,1.05611,1.05616,1.05611,1.05615
2023-10-09T03:00:00.000Z,1.05615,1.05615,1.05599,1.05599
2023-10-09T03:01:00.000Z,1.05599,1.05602,1.05596,1.056
2023-10-09T03:02:00.000Z,1.056,1.05606,1.05599,1.05601
2023-10-09T03:03:00.000Z,1.05601,1.05601,1.05595,1.056
2023-10-09T03:04:00.000Z,1.056,1.05603,1.05595,1.05601
2023-10-09T03:05:00.000Z,1.05601,1.05601,1.05595,1.05595
2023-10-09T03:06:00.000Z,1.05595,1.056,1.05584,1.05584
2023-10-09T03:07:00.000Z,1.05584,1.05586,1.05579,1.05586
2023-10-09T03:08:00.000Z,1.05586,1.05586,1.05581,1.05586
2023-10-09T03:09:00.000Z,1.05586,1.05586,1.0558,1.05585
2023-10-09T03:10:00.000Z,1.05585,1.05586,1.05584,1.05585
2023-10-09T03:11:00.000Z,1.05585,1.05585,1.05565,1.05566
2023-10-09T03:12:00.000Z,1.05566,1.05566,1.0556,1.05565
2023-10-09T03:13:00.000Z,1.05565,1.05569,1.05562,1.05565
2023-10-09T03:14:00.000Z,1.05565,1.05571,1.05563,1.05563
2023-10-09T03:15:00.000Z,1.05564,1.05564,1.0556,1.0556
2023-10-09T03:16:00.000Z,1.0556,1.05561,1.05551,1.05554
2023-10-09T03:17:00.000Z,1.05554,1.05555,1.05551,1.05555
2023-10-09T03:18:00.000Z,1.05555,1.05559,1.05553,1.05554
2023-10-09T03:19:00.000Z,1.05554,1.05559,1.05553,1.05553
2023-10-09T03:20:00.000Z,1.05553,1.05554,1.05551,1.05551
2023-10-09T03:21:00.000Z,1.05551,1.05559,1.05551,1.05559
2023-10-09T03:22:00.000Z,1.05559,1.05559,1.05554,1.05555
2023-10-09T03:23:00.000Z,1.05555,1.05561,1.05546,1.05551
2023-10-09T03:24:00.000Z,1.05551,1.05555,1.05548,1.05554
2023-10-09T03:25:00.000Z,1.05554,1.05556,1.05545,1.05546
2023-10-09T03:26:00.000Z,1.05546,1.05546,1.05539,1.05539
2023-10-09T03:27:00.000Z,1.05539,1.05549,1.05539,1.05546
2023-10-09T03:28:00.000Z,1.05546,1.05549,1.05546,1.05547
2023-10-09T03:29:00.000Z,1.05547,1.05549,1.05546,1.05546
2023-10-09T03:30:00.000Z,1.05546,1.05548,1.05531,1.05534
2023-10-09T03:31:00.000Z,1.05534,1.05535,1.05529,1.05533
2023-10-09T03:32:00.000Z,1.05533,1.05538,1.05532,1.05536
2023-10-09T03:33:00.000Z,1.05536,1.05543,1.05528,1.05534
2023-10-09T03:34:00.000Z,1.05534,1.05534,1.05528,1.05528
2023-10-09T03:35:00.000Z,1.05528,1.05536,1.05525,1.05535
2023-10-09T03:36:00.000Z,1.05535,1.05535,1.05533,1.05534
2023-10-09T03:37:00.000Z,1.05534,1.05536,1.05529,1.0553
2023-10-09T03:38:00.000Z,1.0553,1.05534,1.05529,1.05532
2023-10-09T03:39:00.000Z,1.05532,1.05533,1.05528,1.05532
2023-10-09T03:40:00.000Z,1.05532,1.05534,1.05532,1.05534
2023-10-09T03:41:00.000Z,1.05534,1.05537,1.05529,1.05534
2023-10-09T03:42:00.000Z,1.05534,1.05539,1.05528,1.05535
2023-10-09T03:43:00.000Z,1.05535,1.05536,1.05533,1.05534
2023-10-09T03:44:00.000Z,1.05534,1.05538,1.05528,1.05533
2023-10-09T03:45:00.000Z,1.05533,1.05534,1.05533,1.05533
2023-10-09T03:46:00.000Z,1.05533,1.05533,1.05523,1.05526
2023-10-09T03:47:00.000Z,1.05526,1.05527,1.05523,1.05524
2023-10-09T03:48:00.000Z,1.05524,1.05527,1.05523,1.05524
2023-10-09T03:49:00.000Z,1.05524,1.05525,1.05523,1.05524
2023-10-09T03:50:00.000Z,1.05524,1.05527,1.05523,1.05524
2023-10-09T03:51:00.000Z,1.05524,1.05528,1.05522,1.05527
2023-10-09T03:52:00.000Z,1.05527,1.05528,1.05526,1.05527
2023-10-09T03:53:00.000Z,1.05528,1.05533,1.05523,1.05533
2023-10-09T03:54:00.000Z,1.05533,1.05534,1.0553,1.05532
2023-10-09T03:55:00.000Z,1.05532,1.05534,1.05532,1.05534
2023-10-09T03:56:00.000Z,1.05534,1.05535,1.05528,1.05528
2023-10-09T03:57:00.000Z,1.05528,1.05528,1.05516,1.05518
2023-10-09T03:58:00.000Z,1.05518,1.05523,1.05518,1.05521
2023-10-09T03:59:00.000Z,1.05521,1.05523,1.05519,1.05522
2023-10-09T04:00:00.000Z,1.05522,1.05528,1.05522,1.05528
2023-10-09T04:01:00.000Z,1.05528,1.05531,1.05524,1.05525
2023-10-09T04:02:00.000Z,1.05525,1.05528,1.05524,1.05528
2023-10-09T04:03:00.000Z,1.05528,1.05528,1.05528,1.05528
2023-10-09T04:04:00.000Z,1.05528,1.05529,1.05527,1.05527
2023-10-09T04:05:00.000Z,1.05527,1.05527,1.05506,1.05508
2023-10-09T04:06:00.000Z,1.05508,1.05509,1.05504,1.05504
2023-10-09T04:07:00.000Z,1.05504,1.05504,1.05495,1.05503
2023-10-09T04:08:00.000Z,1.05503,1.05514,1.055,1.05513
2023-10-09T04:09:00.000Z,1.05513,1.0552,1.05513,1.05518
2023-10-09T04:10:00.000Z,1.05518,1.0552,1.05517,1.0552
2023-10-09T04:11:00.000Z,1.0552,1.0553,1.0552,1.05529
2023-10-09T04:12:00.000Z,1.05529,1.05535,1.05529,1.05533
2023-10-09T04:13:00.000Z,1.05533,1.0554,1.05528,1.05539
2023-10-09T04:14:00.000Z,1.05539,1.05539,1.05526,1.0553
2023-10-09T04:15:00.000Z,1.0553,1.05534,1.0553,1.05534
2023-10-09T04:16:00.000Z,1.05534,1.05534,1.05528,1.05534
2023-10-09T04:17:00.000Z,1.05534,1.05535,1.05533,1.05534
2023-10-09T04:18:00.000Z,1.05534,1.05542,1.05534,1.05541
2023-10-09T04:19:00.000Z,1.05541,1.05546,1.05538,1.05539
2023-10-09T04:20:00.000Z,1.05539,1.0554,1.05537,1.05539
2023-10-09T04:21:00.000Z,1.05539,1.05539,1.05533,1.05533
2023-10-09T04:22:00.000Z,1.05533,1.05539,1.05532,1.05539
2023-10-09T04:23:00.000Z,1.05539,1.05543,1.05535,1.05535
2023-10-09T04:24:00.000Z,1.05535,1.05536,1.05535,1.05535
2023-10-09T04:25:00.000Z,1.05535,1.05535,1.0553,1.05535
2023-10-09T04:26:00.000Z,1.05535,1.05535,1.05534,1.05534
2023-10-09T04:27:00.000Z,1.05534,1.05534,1.05529,1.0553
2023-10-09T04:28:00.000Z,1.0553,1.05534,1.0553,1.05532
2023-10-09T04:29:00.000Z,1.05532,1.05532,1.05525,1.05525
2023-10-09T04:30:00.000Z,1.05525,1.0553,1.05524,1.05524
2023-10-09T04:31:00.000Z,1.05524,1.05525,1.05508,1.05514
2023-10-09T04:32:00.000Z,1.05514,1.05514,1.05505,1.05509
2023-10-09T04:33:00.000Z,1.05509,1.05509,1.05499,1.05499
2023-10-09T04:34:00.000Z,1.05499,1.05509,1.05499,1.05508
2023-10-09T04:35:00.000Z,1.05508,1.05516,1.05508,1.05515
2023-10-09T04:36:00.000Z,1.05515,1.05515,1.05509,1.05514
2023-10-09T04:37:00.000Z,1.05514,1.05514,1.05509,1.05509
2023-10-09T04:38:00.000Z,1.05509,1.05511,1.05505,1.05507
2023-10-09T04:39:00.000Z,1.05507,1.05512,1.05506,1.05512
2023-10-09T04:40:00.000Z,1.05512,1.05516,1.05511,1.05512
2023-10-09T04:41:00.000Z,1.05512,1.05514,1.05509,1.05512
2023-10-09T04:42:00.000Z,1.05512,1.05513,1.05507,1.05508
2023-10-09T04:43:00.000Z,1.05508,1.05508,1.05504,1.05504
2023-10-09T04:44:00.000Z,1.05504,1.05509,1.05504,1.05507
2023-10-09T04:45:00.000Z,1.05507,1.05513,1.05503,1.05503
2023-10-09T04:46:00.000Z,1.05503,1.05509,1.05503,1.05507
2023-10-09T04:47:00.000Z,1.05507,1.05507,1.05494,1.05494
2023-10-09T04:48:00.000Z,1.05494,1.05499,1.05494,1.05497
2023-10-09T04:49:00.000Z,1.05497,1.05502,1.05494,1.05501
2023-10-09T04:50:00.000Z,1.05501,1.05501,1.05494,1.05494
2023-10-09T04:51:00.000Z,1.05494,1.05506,1.05494,1.05502
2023-10-09T04:52:00.000Z,1.05502,1.05504,1.05498,1.05498
2023-10-09T04:53:00.000Z,1.05498,1.05501,1.05497,1.055
2023-10-09T04:54:00.000Z,1.055,1.05502,1.05494,1.05494
2023-10-09T04:55:00.000Z,1.05494,1.05494,1.05489,1.0549
2023-10-09T04:56:00.000Z,1.0549,1.0549,1.05481,1.05481
2023-10-09T04:57:00.000Z,1.05481,1.0549,1.05481,1.0549
2023-10-09T04:58:00.000Z,1.0549,1.05499,1.0549,1.05494
2023-10-09T04:59:00.000Z,1.05494,1.05503,1.05494,1.05503
2023-10-09T05:00:00.000Z,1.05507,1.0552,1.05503,1.0552
2023-10-09T05:01:00.000Z,1.0552,1.05536,1.0552,1.05536
2023-10-09T05:02:00.000Z,1.05536,1.0554,1.05527,1.0553
2023-10-09T05:03:00.000Z,1.0553,1.0553,1.05521,1.05523
2023-10-09T05:04:00.000Z,1.05523,1.05532,1.05523,1.05532
2023-10-09T05:05:00.000Z,1.05532,1.05539,1.05529,1.05534
2023-10-09T05:06:00.000Z,1.05534,1.05535,1.05526,1.05529
2023-10-09T05:07:00.000Z,1.05529,1.05529,1.0552,1.0552
2023-10-09T05:08:00.000Z,1.0552,1.05535,1.0552,1.05534
2023-10-09T05:09:00.000Z,1.05534,1.05539,1.05534,1.05535
2023-10-09T05:10:00.000Z,1.05535,1.05543,1.05534,1.0554
2023-10-09T05:11:00.000Z,1.0554,1.0554,1.05537,1.05539
2023-10-09T05:12:00.000Z,1.05539,1.05545,1.05539,1.0554
2023-10-09T05:13:00.000Z,1.0554,1.0554,1.0553,1.05535
2023-10-09T05:14:00.000Z,1.05535,1.05535,1.05524,1.05524
2023-10-09T05:15:00.000Z,1.05524,1.05539,1.05524,1.05539
2023-10-09T05:16:00.000Z,1.05539,1.05539,1.05529,1.0553
2023-10-09T05:17:00.000Z,1.0553,1.05534,1.05523,1.05524
2023-10-09T05:18:00.000Z,1.05524,1.05525,1.05523,1.05524
2023-10-09T05:19:00.000Z,1.05524,1.05527,1.05519,1.05527
2023-10-09T05:20:00.000Z,1.05527,1.05535,1.05527,1.05535
2023-10-09T05:21:00.000Z,1.05535,1.05535,1.05529,1.05534
2023-10-09T05:22:00.000Z,1.05534,1.05534,1.05534,1.05534
2023-10-09T05:23:00.000Z,1.05534,1.05536,1.05531,1.05535
2023-10-09T05:24:00.000Z,1.05535,1.05541,1.05535,1.05539
2023-10-09T05:25:00.000Z,1.05539,1.0554,1.05535,1.05535
2023-10-09T05:26:00.000Z,1.05535,1.05535,1.05535,1.05535
2023-10-09T05:27:00.000Z,1.05535,1.05542,1.05534,1.05534
2023-10-09T05:28:00.000Z,1.05534,1.05534,1.05522,1.05522
2023-10-09T05:29:00.000Z,1.05522,1.05538,1.05521,1.05534
2023-10-09T05:30:00.000Z,1.05534,1.05537,1.05526,1.05534
2023-10-09T05:31:00.000Z,1.05534,1.05535,1.0553,1.05535
2023-10-09T05:32:00.000Z,1.05534,1.0554,1.05532,1.05537
2023-10-09T05:33:00.000Z,1.05537,1.05553,1.05537,1.05547
2023-10-09T05:34:00.000Z,1.05547,1.0555,1.05538,1.05538
2023-10-09T05:35:00.000Z,1.05538,1.0555,1.05538,1.05546
2023-10-09T05:36:00.000Z,1.05546,1.05552,1.05542,1.05551
2023-10-09T05:37:00.000Z,1.05551,1.05552,1.05542,1.05544
2023-10-09T05:38:00.000Z,1.05544,1.05551,1.05538,1.05538
2023-10-09T05:39:00.000Z,1.05538,1.05556,1.05536,1.05552
2023-10-09T05:40:00.000Z,1.05552,1.0557,1.05543,1.05548
2023-10-09T05:41:00.000Z,1.05548,1.05553,1.05544,1.05548
2023-10-09T05:42:00.000Z,1.05548,1.05552,1.05532,1.05532
2023-10-09T05:43:00.000Z,1.05532,1.05539,1.0553,1.05539
2023-10-09T05:44:00.000Z,1.05538,1.05539,1.05531,1.05537
2023-10-09T05:45:00.000Z,1.05537,1.05552,1.05536,1.05552
2023-10-09T05:46:00.000Z,1.05552,1.05554,1.05544,1.05551
2023-10-09T05:47:00.000Z,1.05551,1.05552,1.05536,1.05541
2023-10-09T05:48:00.000Z,1.05541,1.05544,1.05536,1.05539
2023-10-09T05:49:00.000Z,1.05539,1.05548,1.05536,1.05548
2023-10-09T05:50:00.000Z,1.05548,1.05551,1.05538,1.05538
2023-10-09T05:51:00.000Z,1.05538,1.05544,1.05538,1.05543
2023-10-09T05:52:00.000Z,1.05543,1.05548,1.05542,1.05548
2023-10-09T05:53:00.000Z,1.05547,1.05549,1.0554,1.05547
2023-10-09T05:54:00.000Z,1.05547,1.05548,1.05543,1.05543
2023-10-09T05:55:00.000Z,1.05543,1.05546,1.05532,1.05532
2023-10-09T05:56:00.000Z,1.05532,1.05536,1.05531,1.05536
2023-10-09T05:57:00.000Z,1.05536,1.05547,1.05536,1.05546
2023-10-09T05:58:00.000Z,1.05546,1.05547,1.05544,1.05546
2023-10-09T05:59:00.000Z,1.05546,1.05547,1.05537,1.05542
2023-10-09T06:00:00.000Z,1.05542,1.05556,1.05542,1.05556
2023-10-09T06:01:00.000Z,1.05556,1.05578,1.05542,1.05542
2023-10-09T06:02:00.000Z,1.0554,1.0554,1.05511,1.05524
2023-10-09T06:03:00.000Z,1.05523,1.05529,1.05514,1.0552
2023-10-09T06:04:00.000Z,1.0552,1.05539,1.05519,1.05535
2023-10-09T06:05:00.000Z,1.05535,1.05539,1.05527,1.05534
2023-10-09T06:06:00.000Z,1.05535,1.05546,1.05535,1.05541
2023-10-09T06:07:00.000Z,1.05541,1.05551,1.05534,1.05547
2023-10-09T06:08:00.000Z,1.05546,1.05569,1.05546,1.05566
2023-10-09T06:09:00.000Z,1.05567,1.05586,1.05567,1.05584
2023-10-09T06:10:00.000Z,1.05584,1.05588,1.05581,1.05588
2023-10-09T06:11:00.000Z,1.05588,1.05588,1.05563,1.05566
2023-10-09T06:12:00.000Z,1.05566,1.05566,1.05544,1.05547
2023-10-09T06:13:00.000Z,1.05547,1.05549,1.05541,1.05543
2023-10-09T06:14:00.000Z,1.05543,1.05562,1.05542,1.05558
2023-10-09T06:15:00.000Z,1.05558,1.0556,1.05547,1.05553
2023-10-09T06:16:00.000Z,1.05553,1.05553,1.05533,1.05542
2023-10-09T06:17:00.000Z,1.05542,1.05548,1.05515,1.05531
2023-10-09T06:18:00.000Z,1.05531,1.05539,1.05522,1.05522
2023-10-09T06:19:00.000Z,1.05522,1.05539,1.05511,1.05537
2023-10-09T06:20:00.000Z,1.05536,1.05556,1.05535,1.05554
2023-10-09T06:21:00.000Z,1.05555,1.05566,1.05547,1.05557
2023-10-09T06:22:00.000Z,1.05557,1.05561,1.05552,1.05552
2023-10-09T06:23:00.000Z,1.05552,1.05552,1.05542,1.05547
2023-10-09T06:24:00.000Z,1.05547,1.05547,1.05516,1.05524
2023-10-09T06:25:00.000Z,1.05524,1.05526,1.05503,1.05503
2023-10-09T06:26:00.000Z,1.05503,1.05507,1.05475,1.05476
2023-10-09T06:27:00.000Z,1.05475,1.05477,1.05448,1.05455
2023-10-09T06:28:00.000Z,1.05455,1.05469,1.05447,1.05455
2023-10-09T06:29:00.000Z,1.05456,1.05461,1.05441,1.05447
2023-10-09T06:30:00.000Z,1.05447,1.05447,1.05419,1.05428
2023-10-09T06:31:00.000Z,1.05428,1.05442,1.05417,1.05419
2023-10-09T06:32:00.000Z,1.05419,1.05432,1.05417,1.05424
2023-10-09T06:33:00.000Z,1.05424,1.05435,1.0542,1.05427
2023-10-09T06:34:00.000Z,1.05427,1.0543,1.0542,1.05425
2023-10-09T06:35:00.000Z,1.05425,1.05444,1.0542,1.05438
2023-10-09T06:36:00.000Z,1.05438,1.05452,1.05437,1.0544
2023-10-09T06:37:00.000Z,1.0544,1.05442,1.05431,1.05436
2023-10-09T06:38:00.000Z,1.05436,1.05442,1.05431,1.05432
2023-10-09T06:39:00.000Z,1.05431,1.05441,1.05424,1.05437
2023-10-09T06:40:00.000Z,1.05434,1.05435,1.05416,1.05418
2023-10-09T06:41:00.000Z,1.05418,1.05423,1.05404,1.05404
2023-10-09T06:42:00.000Z,1.05403,1.05428,1.05401,1.05423
2023-10-09T06:43:00.000Z,1.05423,1.05434,1.05419,1.05421
2023-10-09T06:44:00.000Z,1.05421,1.05427,1.05414,1.05423
2023-10-09T06:45:00.000Z,1.05423,1.05432,1.05419,1.05424
2023-10-09T06:46:00.000Z,1.05424,1.05437,1.05423,1.05426
2023-10-09T06:47:00.000Z,1.05426,1.05428,1.05417,1.05418
2023-10-09T06:48:00.000Z,1.05418,1.05422,1.05412,1.05414
2023-10-09T06:49:00.000Z,1.05414,1.05415,1.05388,1.05388
2023-10-09T06:50:00.000Z,1.05388,1.0539,1.05359,1.05368
2023-10-09T06:51:00.000Z,1.05368,1.05374,1.05359,1.05362
2023-10-09T06:52:00.000Z,1.05362,1.05374,1.05346,1.05355
2023-10-09T06:53:00.000Z,1.05356,1.05356,1.05336,1.05338
2023-10-09T06:54:00.000Z,1.05338,1.05344,1.05318,1.05344
2023-10-09T06:55:00.000Z,1.05344,1.05358,1.05339,1.05356
2023-10-09T06:56:00.000Z,1.05356,1.05366,1.05355,1.05358
2023-10-09T06:57:00.000Z,1.05358,1.05371,1.05357,1.05369
2023-10-09T06:58:00.000Z,1.05369,1.05377,1.05364,1.05375
2023-10-09T06:59:00.000Z,1.05375,1.05377,1.05368,1.05372
2023-10-09T07:00:00.000Z,1.05372,1.05394,1.05352,1.05384
2023-10-09T07:01:00.000Z,1.05388,1.05392,1.05368,1.05373
2023-10-09T07:02:00.000Z,1.05373,1.05396,1.05373,1.05385
2023-10-09T07:03:00.000Z,1.05385,1.05396,1.05379,1.0539
2023-10-09T07:04:00.000Z,1.0539,1.05396,1.05388,1.05396
2023-10-09T07:05:00.000Z,1.05396,1.05396,1.0539,1.0539
2023-10-09T07:06:00.000Z,1.0539,1.0539,1.05364,1.05365
2023-10-09T07:07:00.000Z,1.05365,1.05374,1.05349,1.05349
2023-10-09T07:08:00.000Z,1.05349,1.0535,1.0532,1.05327
2023-10-09T07:09:00.000Z,1.05327,1.05349,1.05323,1.05324
2023-10-09T07:10:00.000Z,1.05324,1.05345,1.05323,1.0534
2023-10-09T07:11:00.000Z,1.0534,1.05344,1.05316,1.05332
2023-10-09T07:12:00.000Z,1.05332,1.05335,1.05323,1.05328
2023-10-09T07:13:00.000Z,1.05328,1.05332,1.05298,1.05307
2023-10-09T07:14:00.000Z,1.05307,1.05313,1.05289,1.05312
2023-10-09T07:15:00.000Z,1.05312,1.05321,1.05302,1.05307
2023-10-09T07:16:00.000Z,1.05308,1.05308,1.05287,1.05288
2023-10-09T07:17:00.000Z,1.05288,1.05321,1.05283,1.05316
2023-10-09T07:18:00.000Z,1.05313,1.05314,1.05297,1.05297
2023-10-09T07:19:00.000Z,1.05297,1.0531,1.05287,1.05304
2023-10-09T07:20:00.000Z,1.05304,1.05317,1.05292,1.05314
2023-10-09T07:21:00.000Z,1.05314,1.0533,1.05302,1.0533
2023-10-09T07:22:00.000Z,1.0533,1.05355,1.05319,1.05351
2023-10-09T07:23:00.000Z,1.05352,1.0537,1.05349,1.05359
2023-10-09T07:24:00.000Z,1.05359,1.05359,1.0534,1.05351
2023-10-09T07:25:00.000Z,1.05351,1.05377,1.05351,1.0537
2023-10-09T07:26:00.000Z,1.0537,1.05371,1.05356,1.05361
2023-10-09T07:27:00.000Z,1.05363,1.05377,1.05358,1.05362
2023-10-09T07:28:00.000Z,1.05362,1.05373,1.05358,1.05363
2023-10-09T07:29:00.000Z,1.05363,1.05366,1.05354,1.05363
2023-10-09T07:30:00.000Z,1.05363,1.05382,1.05361,1.05373
2023-10-09T07:31:00.000Z,1.05373,1.05389,1.05372,1.05378
2023-10-09T07:32:00.000Z,1.05379,1.05379,1.05341,1.05348
2023-10-09T07:33:00.000Z,1.05348,1.05348,1.0533,1.05338
2023-10-09T07:34:00.000Z,1.05338,1.05346,1.05327,1.05346
2023-10-09T07:35:00.000Z,1.05345,1.05363,1.05344,1.05355
2023-10-09T07:36:00.000Z,1.05356,1.05363,1.05349,1.05349
2023-10-09T07:37:00.000Z,1.05349,1.05368,1.05336,1.05337
2023-10-09T07:38:00.000Z,1.05337,1.0535,1.0531,1.05315
2023-10-09T07:39:00.000Z,1.05315,1.05315,1.05301,1.05301
2023-10-09T07:40:00.000Z,1.05303,1.05306,1.05277,1.0528
2023-10-09T07:41:00.000Z,1.0528,1.05287,1.05255,1.05261
2023-10-09T07:42:00.000Z,1.05261,1.05262,1.05236,1.05239
2023-10-09T07:43:00.000Z,1.05236,1.05246,1.05235,1.0524
2023-10-09T07:44:00.000Z,1.0524,1.05246,1.05238,1.05239
2023-10-09T07:45:00.000Z,1.0524,1.0524,1.05217,1.05222
2023-10-09T07:46:00.000Z,1.05222,1.05237,1.05217,1.05237
2023-10-09T07:47:00.000Z,1.05237,1.05238,1.05213,1.05214
2023-10-09T07:48:00.000Z,1.05214,1.05227,1.05212,1.05227
2023-10-09T07:49:00.000Z,1.05227,1.05234,1.05212,1.05212
2023-10-09T07:50:00.000Z,1.05212,1.05222,1.05195,1.05221
2023-10-09T07:51:00.000Z,1.05221,1.05227,1.05215,1.05227
2023-10-09T07:52:00.000Z,1.05226,1.0525,1.05221,1.05249
2023-10-09T07:53:00.000Z,1.05249,1.05264,1.0524499999999999,1.05248
2023-10-09T07:54:00.000Z,1.05249,1.05267,1.05249,1.05253
2023-10-09T07:55:00.000Z,1.05253,1.05267,1.05253,1.05255
2023-10-09T07:56:00.000Z,1.05255,1.05262,1.05237,1.05241
2023-10-09T07:57:00.000Z,1.05241,1.05258,1.05241,1.05249
2023-10-09T07:58:00.000Z,1.05249,1.0525,1.0524,1.05242
2023-10-09T07:59:00.000Z,1.05243,1.05244,1.05228,1.0523
2023-10-09T08:00:00.000Z,1.0523,1.05237,1.05218,1.05237
2023-10-09T08:01:00.000Z,1.05237,1.05237,1.05208,1.0522
2023-10-09T08:02:00.000Z,1.0522,1.05237,1.05216,1.05237
2023-10-09T08:03:00.000Z,1.05237,1.05248,1.05235,1.05246
2023-10-09T08:04:00.000Z,1.05247,1.05254,1.05233,1.05238
2023-10-09T08:05:00.000Z,1.05238,1.05244,1.05225,1.05244
2023-10-09T08:06:00.000Z,1.05243,1.05243,1.05222,1.05222
2023-10-09T08:07:00.000Z,1.05222,1.05242,1.05222,1.05232
2023-10-09T08:08:00.000Z,1.05232,1.05232,1.05207,1.05207
2023-10-09T08:09:00.000Z,1.05207,1.05231,1.05204,1.0523
2023-10-09T08:10:00.000Z,1.0523,1.0524,1.05226,1.05237
2023-10-09T08:11:00.000Z,1.05237,1.05247,1.05237,1.05244
2023-10-09T08:12:00.000Z,1.05244,1.05249,1.05236,1.05247
2023-10-09T08:13:00.000Z,1.05247,1.05274,1.05247,1.05274
2023-10-09T08:14:00.000Z,1.05274,1.05274,1.05238,1.05244
2023-10-09T08:15:00.000Z,1.05244,1.05265,1.05239,1.05264
2023-10-09T08:16:00.000Z,1.05264,1.05266,1.05257,1.05262
2023-10-09T08:17:00.000Z,1.05262,1.05273,1.05258,1.05269
2023-10-09T08:18:00.000Z,1.05269,1.05277,1.05268,1.05277
2023-10-09T08:19:00.000Z,1.05277,1.05277,1.05251,1.0526
2023-10-09T08:20:00.000Z,1.0526,1.05279,1.0526,1.05279
2023-10-09T08:21:00.000Z,1.05278,1.05283,1.05273,1.05282
2023-10-09T08:22:00.000Z,1.05282,1.05297,1.05282,1.05293
2023-10-09T08:23:00.000Z,1.05293,1.05296,1.05277,1.05278
2023-10-09T08:24:00.000Z,1.05278,1.05279,1.05261,1.05263
2023-10-09T08:25:00.000Z,1.05263,1.05273,1.05256,1.05271
2023-10-09T08:26:00.000Z,1.05271,1.05282,1.05269,1.05277
2023-10-09T08:27:00.000Z,1.05277,1.05288,1.05271,1.05281
2023-10-09T08:28:00.000Z,1.05281,1.05283,1.05277,1.05278
2023-10-09T08:29:00.000Z,1.05278,1.05283,1.05272,1.05279
2023-10-09T08:30:00.000Z,1.05279,1.05296,1.05278,1.05282
2023-10-09T08:31:00.000Z,1.05282,1.05283,1.05268,1.05283
2023-10-09T08:32:00.000Z,1.05283,1.05309,1.05282,1.05308
2023-10-09T08:33:00.000Z,1.05308,1.05335,1.05302,1.05321
2023-10-09T08:34:00.000Z,1.05321,1.05322,1.0531,1.05316
2023-10-09T08:35:00.000Z,1.05316,1.05321,1.0531,1.05312
2023-10-09T08:36:00.000Z,1.05312,1.05327,1.05307,1.05327
2023-10-09T08:37:00.000Z,1.05327,1.05328,1.0531,1.05316
2023-10-09T08:38:00.000Z,1.05316,1.05337,1.05315,1.05331
2023-10-09T08:39:00.000Z,1.05327,1.05327,1.05313,1.05316
2023-10-09T08:40:00.000Z,1.05316,1.05344,1.05315,1.05343
2023-10-09T08:41:00.000Z,1.05343,1.05357,1.05339,1.05346
2023-10-09T08:42:00.000Z,1.05346,1.05353,1.05339,1.05346
2023-10-09T08:43:00.000Z,1.05346,1.05366,1.05344,1.05361
2023-10-09T08:44:00.000Z,1.05361,1.05362,1.05354,1.05357
2023-10-09T08:45:00.000Z,1.05357,1.05366,1.05345,1.05345
2023-10-09T08:46:00.000Z,1.05345,1.05354,1.05341,1.05342
2023-10-09T08:47:00.000Z,1.05343,1.05358,1.05342,1.05357
2023-10-09T08:48:00.000Z,1.05357,1.05366,1.0535,1.05366
2023-10-09T08:49:00.000Z,1.05365,1.05381,1.05363,1.05379
2023-10-09T08:50:00.000Z,1.05379,1.0539,1.05378,1.05383
2023-10-09T08:51:00.000Z,1.05383,1.05389,1.05374,1.05389
2023-10-09T08:52:00.000Z,1.05391,1.05397,1.05379,1.05382
2023-10-09T08:53:00.000Z,1.05382,1.05382,1.05371,1.05379
2023-10-09T08:54:00.000Z,1.05379,1.05382,1.05372,1.05374
2023-10-09T08:55:00.000Z,1.05375,1.05395,1.05372,1.05395
2023-10-09T08:56:00.000Z,1.05395,1.05399,1.05387,1.05391
2023-10-09T08:57:00.000Z,1.0539,1.05399,1.05389,1.05398
2023-10-09T08:58:00.000Z,1.05398,1.05406,1.05388,1.05405
2023-10-09T08:59:00.000Z,1.05404,1.05419,1.054,1.05418
2023-10-09T09:00:00.000Z,1.0542,1.05424,1.05415,1.05423
2023-10-09T09:01:00.000Z,1.05423,1.0543,1.0542,1.05422
2023-10-09T09:02:00.000Z,1.05422,1.05429,1.05408,1.05412
2023-10-09T09:03:00.000Z,1.05412,1.05418,1.05407,1.05408
2023-10-09T09:04:00.000Z,1.05408,1.05427,1.05408,1.05424
2023-10-09T09:05:00.000Z,1.05424,1.05434,1.05415,1.05425
2023-10-09T09:06:00.000Z,1.05425,1.05432,1.0542,1.05424
2023-10-09T09:07:00.000Z,1.05424,1.05442,1.05417,1.05442
2023-10-09T09:08:00.000Z,1.05442,1.05442,1.0542,1.0542
2023-10-09T09:09:00.000Z,1.0542,1.05423,1.05402,1.05402
2023-10-09T09:10:00.000Z,1.05402,1.05413,1.05401,1.05407
2023-10-09T09:11:00.000Z,1.05407,1.05407,1.05391,1.05403
2023-10-09T09:12:00.000Z,1.05403,1.05414,1.05397,1.05411
2023-10-09T09:13:00.000Z,1.05409,1.05431,1.05408,1.05419
2023-10-09T09:14:00.000Z,1.05419,1.05438,1.05417,1.05436
2023-10-09T09:15:00.000Z,1.05436,1.05442,1.05418,1.05428
2023-10-09T09:16:00.000Z,1.05428,1.05446,1.05428,1.05446
2023-10-09T09:17:00.000Z,1.05446,1.05448,1.05441,1.05442
2023-10-09T09:18:00.000Z,1.05443,1.05446,1.05433,1.05438
2023-10-09T09:19:00.000Z,1.05438,1.05441,1.05431,1.05441
2023-10-09T09:20:00.000Z,1.05441,1.0545,1.05436,1.05444
2023-10-09T09:21:00.000Z,1.05444,1.05448,1.05432,1.05437
2023-10-09T09:22:00.000Z,1.05437,1.0545,1.05437,1.05449
2023-10-09T09:23:00.000Z,1.05449,1.0545,1.05443,1.05443
2023-10-09T09:24:00.000Z,1.05443,1.0545,1.05443,1.05443
2023-10-09T09:25:00.000Z,1.0544,1.05444,1.05422,1.05428
2023-10-09T09:26:00.000Z,1.05428,1.05437,1.05418,1.05434
2023-10-09T09:27:00.000Z,1.05434,1.05449,1.05434,1.0544
2023-10-09T09:28:00.000Z,1.0544,1.05447,1.0544,1.05441
2023-10-09T09:29:00.000Z,1.05441,1.05441,1.05424,1.05425
2023-10-09T09:30:00.000Z,1.05425,1.05425,1.05406,1.0541
2023-10-09T09:31:00.000Z,1.0541,1.05422,1.0541,1.05417
2023-10-09T09:32:00.000Z,1.05417,1.05421,1.05408,1.05421
2023-10-09T09:33:00.000Z,1.05421,1.05421,1.05412,1.05412
2023-10-09T09:34:00.000Z,1.05412,1.05415,1.05405,1.05408
2023-10-09T09:35:00.000Z,1.05408,1.05409,1.05389,1.05394
2023-10-09T09:36:00.000Z,1.05391,1.05391,1.05382,1.05385
2023-10-09T09:37:00.000Z,1.05384,1.05385,1.05369,1.0537
2023-10-09T09:38:00.000Z,1.0537,1.0537,1.05354,1.05355
2023-10-09T09:39:00.000Z,1.05355,1.05361,1.05353,1.05357
2023-10-09T09:40:00.000Z,1.05356,1.05356,1.05343,1.05348
2023-10-09T09:41:00.000Z,1.05349,1.05363,1.05347,1.0536
2023-10-09T09:42:00.000Z,1.0536,1.0536,1.05338,1.05339
2023-10-09T09:43:00.000Z,1.0534,1.05357,1.05339,1.05341
2023-10-09T09:44:00.000Z,1.05341,1.05341,1.05335,1.05335
2023-10-09T09:45:00.000Z,1.05335,1.05341,1.05334,1.05341
2023-10-09T09:46:00.000Z,1.05341,1.05346,1.0534,1.05344
2023-10-09T09:47:00.000Z,1.05344,1.05345,1.05334,1.05334
2023-10-09T09:48:00.000Z,1.05334,1.05354,1.05334,1.0534
2023-10-09T09:49:00.000Z,1.0534,1.0534,1.05322,1.05322
2023-10-09T09:50:00.000Z,1.05322,1.05331,1.05322,1.05331
2023-10-09T09:51:00.000Z,1.05331,1.05333,1.05324,1.05327
2023-10-09T09:52:00.000Z,1.05327,1.05331,1.05325,1.05325
2023-10-09T09:53:00.000Z,1.05325,1.05326,1.05318,1.05326
2023-10-09T09:54:00.000Z,1.05326,1.05326,1.05319,1.05321
2023-10-09T09:55:00.000Z,1.05321,1.05321,1.05308,1.05308
2023-10-09T09:56:00.000Z,1.05308,1.05324,1.05308,1.05324
2023-10-09T09:57:00.000Z,1.05324,1.05325,1.05316,1.05324
2023-10-09T09:58:00.000Z,1.05324,1.05328,1.05321,1.05328
2023-10-09T09:59:00.000Z,1.05328,1.05339,1.05328,1.05336
2023-10-09T10:00:00.000Z,1.05336,1.05339,1.0532,1.05323
2023-10-09T10:01:00.000Z,1.05323,1.0533,1.05312,1.05323
2023-10-09T10:02:00.000Z,1.05323,1.05333,1.05323,1.05326
2023-10-09T10:03:00.000Z,1.05326,1.0533,1.0532,1.05321
2023-10-09T10:04:00.000Z,1.05321,1.0533,1.0532,1.05326
2023-10-09T10:05:00.000Z,1.05325,1.05326,1.053,1.05305
2023-10-09T10:06:00.000Z,1.05303,1.05304,1.05296,1.05299
2023-10-09T10:07:00.000Z,1.05299,1.05315,1.05299,1.05314
2023-10-09T10:08:00.000Z,1.05314,1.05318,1.05306,1.05306
2023-10-09T10:09:00.000Z,1.05306,1.05306,1.05295,1.05297
2023-10-09T10:10:00.000Z,1.05297,1.05306,1.05295,1.05304
2023-10-09T10:11:00.000Z,1.05304,1.05307,1.05297,1.05299
2023-10-09T10:12:00.000Z,1.05299,1.05306,1.05293,1.05297
2023-10-09T10:13:00.000Z,1.05297,1.05299,1.05292,1.05296
2023-10-09T10:14:00.000Z,1.05296,1.05299,1.05292,1.05295
2023-10-09T10:15:00.000Z,1.05295,1.05296,1.0529,1.05291
2023-10-09T10:16:00.000Z,1.05291,1.05302,1.0529,1.053
2023-10-09T10:17:00.000Z,1.053,1.05306,1.05276,1.05276
2023-10-09T10:18:00.000Z,1.05276,1.05276,1.05261,1.05267
2023-10-09T10:19:00.000Z,1.05267,1.05267,1.05251,1.05255
2023-10-09T10:20:00.000Z,1.05255,1.0526,1.05233,1.0526
2023-10-09T10:21:00.000Z,1.0526,1.05262,1.05247,1.05248
2023-10-09T10:22:00.000Z,1.05248,1.05256,1.05241,1.05256
2023-10-09T10:23:00.000Z,1.05256,1.05272,1.05254,1.05271
2023-10-09T10:24:00.000Z,1.05271,1.05271,1.05259,1.0526
2023-10-09T10:25:00.000Z,1.05255,1.05261,1.05254,1.05256
2023-10-09T10:26:00.000Z,1.05256,1.05256,1.0524499999999999,1.05247
2023-10-09T10:27:00.000Z,1.05247,1.05251,1.05241,1.05244
2023-10-09T10:28:00.000Z,1.05244,1.0524499999999999,1.0524,1.05244
2023-10-09T10:29:00.000Z,1.05244,1.05261,1.05244,1.0526
2023-10-09T10:30:00.000Z,1.0526,1.05266,1.0526,1.05261
2023-10-09T10:31:00.000Z,1.05261,1.05271,1.05256,1.05271
2023-10-09T10:32:00.000Z,1.0527,1.05273,1.05265,1.05267
2023-10-09T10:33:00.000Z,1.05267,1.05271,1.05266,1.05266
2023-10-09T10:34:00.000Z,1.05267,1.05275,1.05267,1.05275
2023-10-09T10:35:00.000Z,1.05275,1.0528,1.05265,1.05268
2023-10-09T10:36:00.000Z,1.05268,1.05283,1.05262,1.05278
2023-10-09T10:37:00.000Z,1.05278,1.05306,1.05278,1.05299
2023-10-09T10:38:00.000Z,1.05299,1.05299,1.05281,1.05281
2023-10-09T10:39:00.000Z,1.05281,1.0529,1.05278,1.0528
2023-10-09T10:40:00.000Z,1.0528,1.05281,1.0527,1.0527
2023-10-09T10:41:00.000Z,1.0527,1.05275,1.05259,1.0526
2023-10-09T10:42:00.000Z,1.0526,1.05269,1.05246,1.05269
2023-10-09T10:43:00.000Z,1.05269,1.05285,1.05268,1.05276
2023-10-09T10:44:00.000Z,1.05276,1.05276,1.05261,1.05261
2023-10-09T10:45:00.000Z,1.0526,1.05265,1.05254,1.05262
2023-10-09T10:46:00.000Z,1.05262,1.05265,1.05258,1.05264
2023-10-09T10:47:00.000Z,1.05264,1.0527,1.05259,1.05259
2023-10-09T10:48:00.000Z,1.05259,1.05261,1.05251,1.0526
2023-10-09T10:49:00.000Z,1.0526,1.05264,1.05251,1.05257
2023-10-09T10:50:00.000Z,1.05257,1.05273,1.05254,1.05273
2023-10-09T10:51:00.000Z,1.05274,1.05283,1.05271,1.05273
2023-10-09T10:52:00.000Z,1.05275,1.05282,1.05267,1.05272
2023-10-09T10:53:00.000Z,1.05272,1.05279,1.05267,1.05271
2023-10-09T10:54:00.000Z,1.05271,1.05279,1.05265,1.05279
2023-10-09T10:55:00.000Z,1.05279,1.05279,1.05262,1.05264
2023-10-09T10:56:00.000Z,1.05264,1.05278,1.05262,1.05274
2023-10-09T10:57:00.000Z,1.05269,1.05295,1.05269,1.0529
2023-10-09T10:58:00.000Z,1.0529,1.05294,1.05289,1.05289
2023-10-09T10:59:00.000Z,1.05289,1.0529,1.05279,1.05281
2023-10-09T11:00:00.000Z,1.05281,1.0529,1.05281,1.05285
2023-10-09T11:01:00.000Z,1.05285,1.05297,1.05285,1.05285
2023-10-09T11:02:00.000Z,1.05285,1.05295,1.05281,1.0529
2023-10-09T11:03:00.000Z,1.0529,1.053,1.05287,1.0529
2023-10-09T11:04:00.000Z,1.0529,1.05307,1.05285,1.05302
2023-10-09T11:05:00.000Z,1.05302,1.05316,1.05302,1.05314
2023-10-09T11:06:00.000Z,1.05315,1.05327,1.05312,1.05322
2023-10-09T11:07:00.000Z,1.05322,1.05329,1.05308,1.05316
2023-10-09T11:08:00.000Z,1.05316,1.0532,1.05311,1.0532
2023-10-09T11:09:00.000Z,1.0532,1.05321,1.05304,1.05306
2023-10-09T11:10:00.000Z,1.05306,1.05317,1.05304,1.05315
2023-10-09T11:11:00.000Z,1.05315,1.05325,1.05314,1.05324
2023-10-09T11:12:00.000Z,1.05324,1.05335,1.05324,1.05334
2023-10-09T11:13:00.000Z,1.05334,1.05346,1.05334,1.05344
2023-10-09T11:14:00.000Z,1.05345,1.05345,1.05331,1.05339
2023-10-09T11:15:00.000Z,1.05339,1.05351,1.05339,1.05346
2023-10-09T11:16:00.000Z,1.05346,1.05348,1.05325,1.05326
2023-10-09T11:17:00.000Z,1.05326,1.05332,1.05309,1.0531
2023-10-09T11:18:00.000Z,1.0531,1.0531,1.05297,1.05305
2023-10-09T11:19:00.000Z,1.05305,1.05305,1.05294,1.05296
2023-10-09T11:20:00.000Z,1.05296,1.05304,1.0529,1.05301
2023-10-09T11:21:00.000Z,1.053,1.05316,1.05296,1.0531
2023-10-09T11:22:00.000Z,1.0531,1.05324,1.05306,1.05322
2023-10-09T11:23:00.000Z,1.05322,1.05331,1.05321,1.0533
2023-10-09T11:24:00.000Z,1.0533,1.05332,1.05317,1.05317
2023-10-09T11:25:00.000Z,1.05317,1.05332,1.05317,1.05332
2023-10-09T11:26:00.000Z,1.05332,1.05338,1.05325,1.05338
2023-10-09T11:27:00.000Z,1.05338,1.05349,1.05334,1.05349
2023-10-09T11:28:00.000Z,1.05349,1.05362,1.05349,1.0536
2023-10-09T11:29:00.000Z,1.0536,1.0536,1.05343,1.05357
2023-10-09T11:30:00.000Z,1.05357,1.05374,1.05356,1.05374
2023-10-09T11:31:00.000Z,1.05374,1.05387,1.05374,1.05382
2023-10-09T11:32:00.000Z,1.05382,1.0539,1.05379,1.05386
2023-10-09T11:33:00.000Z,1.05386,1.05395,1.05386,1.05395
2023-10-09T11:34:00.000Z,1.05395,1.05405,1.05395,1.05396
2023-10-09T11:35:00.000Z,1.05396,1.054,1.05391,1.05396
2023-10-09T11:36:00.000Z,1.05396,1.05396,1.0538,1.05382
2023-10-09T11:37:00.000Z,1.0538,1.05388,1.05379,1.0538
2023-10-09T11:38:00.000Z,1.0538,1.05382,1.05374,1.05375
2023-10-09T11:39:00.000Z,1.05375,1.05375,1.05369,1.05372
2023-10-09T11:40:00.000Z,1.05372,1.05373,1.05359,1.05359
2023-10-09T11:41:00.000Z,1.05359,1.05359,1.05347,1.05347
2023-10-09T11:42:00.000Z,1.05348,1.05348,1.05342,1.05344
2023-10-09T11:43:00.000Z,1.05344,1.05344,1.05333,1.05334
2023-10-09T11:44:00.000Z,1.05334,1.05335,1.05315,1.05325
2023-10-09T11:45:00.000Z,1.05325,1.05327,1.05304,1.05305
2023-10-09T11:46:00.000Z,1.05305,1.0532,1.05302,1.0532
2023-10-09T11:47:00.000Z,1.0532,1.05331,1.05316,1.05331
2023-10-09T11:48:00.000Z,1.05331,1.05334,1.0531,1.05312
2023-10-09T11:49:00.000Z,1.05312,1.05312,1.053,1.05301
2023-10-09T11:50:00.000Z,1.053,1.053,1.05281,1.05296
2023-10-09T11:51:00.000Z,1.05296,1.05302,1.05294,1.053
2023-10-09T11:52:00.000Z,1.053,1.05302,1.05287,1.05287
2023-10-09T11:53:00.000Z,1.05287,1.05288,1.05281,1.05282
2023-10-09T11:54:00.000Z,1.05282,1.05295,1.05278,1.0529
2023-10-09T11:55:00.000Z,1.0529,1.05302,1.05276,1.05302
2023-10-09T11:56:00.000Z,1.05302,1.05306,1.05287,1.05288
2023-10-09T11:57:00.000Z,1.05289,1.05293,1.05277,1.0529
2023-10-09T11:58:00.000Z,1.0529,1.05292,1.05269,1.0528
2023-10-09T11:59:00.000Z,1.0528,1.05284,1.05277,1.05283
2023-10-09T12:00:00.000Z,1.05282,1.05282,1.05269,1.0527
2023-10-09T12:01:00.000Z,1.05269,1.05282,1.05269,1.05275
2023-10-09T12:02:00.000Z,1.05275,1.05299,1.05274,1.05296
2023-10-09T12:03:00.000Z,1.05295,1.05298,1.05286,1.05295
2023-10-09T12:04:00.000Z,1.05295,1.05296,1.05278,1.05285
2023-10-09T12:05:00.000Z,1.05285,1.05291,1.05279,1.0528
2023-10-09T12:06:00.000Z,1.0528,1.0529,1.05274,1.0529
2023-10-09T12:07:00.000Z,1.0529,1.05293,1.05279,1.0528
2023-10-09T12:08:00.000Z,1.0528,1.05315,1.0528,1.0531
2023-10-09T12:09:00.000Z,1.0531,1.0531,1.05302,1.05304
2023-10-09T12:10:00.000Z,1.05304,1.05318,1.05299,1.05313
2023-10-09T12:11:00.000Z,1.05313,1.05322,1.05306,1.05316
2023-10-09T12:12:00.000Z,1.05316,1.05316,1.05281,1.05282
2023-10-09T12:13:00.000Z,1.05282,1.05285,1.05268,1.05278
2023-10-09T12:14:00.000Z,1.05278,1.05284,1.0527,1.05278
2023-10-09T12:15:00.000Z,1.05278,1.05285,1.05269,1.05285
2023-10-09T12:16:00.000Z,1.05285,1.05285,1.05256,1.05261
2023-10-09T12:17:00.000Z,1.05261,1.05262,1.05255,1.05259
2023-10-09T12:18:00.000Z,1.05259,1.05271,1.05254,1.05268
2023-10-09T12:19:00.000Z,1.05268,1.05269,1.0525,1.05254
2023-10-09T12:20:00.000Z,1.05254,1.05276,1.05249,1.05276
2023-10-09T12:21:00.000Z,1.05276,1.05277,1.05252,1.05258
2023-10-09T12:22:00.000Z,1.05258,1.05262,1.05246,1.05252
2023-10-09T12:23:00.000Z,1.05252,1.05276,1.05249,1.05276
2023-10-09T12:24:00.000Z,1.05276,1.05285,1.0527,1.05283
2023-10-09T12:25:00.000Z,1.05283,1.0531,1.05283,1.05307
2023-10-09T12:26:00.000Z,1.05307,1.05309,1.05302,1.05308
2023-10-09T12:27:00.000Z,1.05308,1.0531,1.05301,1.05305
2023-10-09T12:28:00.000Z,1.05305,1.05326,1.05303,1.05305
2023-10-09T12:29:00.000Z,1.05305,1.05311,1.05296,1.05303
2023-10-09T12:30:00.000Z,1.05303,1.0532,1.05294,1.05319
2023-10-09T12:31:00.000Z,1.05319,1.0533,1.05314,1.05315
2023-10-09T12:32:00.000Z,1.05315,1.05316,1.05301,1.05303
2023-10-09T12:33:00.000Z,1.05303,1.05309,1.05301,1.05305
2023-10-09T12:34:00.000Z,1.05305,1.0531,1.05298,1.05301
2023-10-09T12:35:00.000Z,1.05301,1.05314,1.05289,1.05301
2023-10-09T12:36:00.000Z,1.053,1.05301,1.0527,1.0527
2023-10-09T12:37:00.000Z,1.0527,1.05272,1.05249,1.05267
2023-10-09T12:38:00.000Z,1.05267,1.05269,1.05252,1.05262
2023-10-09T12:39:00.000Z,1.05265,1.0527,1.05251,1.05253
2023-10-09T12:40:00.000Z,1.05257,1.05274,1.05253,1.05274
2023-10-09T12:41:00.000Z,1.05274,1.05281,1.05255,1.05255
2023-10-09T12:42:00.000Z,1.05255,1.05278,1.05236,1.0527
2023-10-09T12:43:00.000Z,1.05267,1.0527,1.05243,1.05243
2023-10-09T12:44:00.000Z,1.05244,1.05254,1.05241,1.05241
2023-10-09T12:45:00.000Z,1.05241,1.05246,1.05226,1.05234
2023-10-09T12:46:00.000Z,1.05234,1.05267,1.05234,1.05267
2023-10-09T12:47:00.000Z,1.05267,1.05291,1.05265,1.05289
2023-10-09T12:48:00.000Z,1.0529,1.05316,1.0529,1.05315
2023-10-09T12:49:00.000Z,1.05315,1.0532,1.05306,1.05309
2023-10-09T12:50:00.000Z,1.05309,1.05337,1.05305,1.05337
2023-10-09T12:51:00.000Z,1.05337,1.05344,1.05331,1.05341
2023-10-09T12:52:00.000Z,1.05341,1.05343,1.05321,1.05328
2023-10-09T12:53:00.000Z,1.05328,1.05346,1.05328,1.05333
2023-10-09T12:54:00.000Z,1.05333,1.05341,1.05332,1.05335
2023-10-09T12:55:00.000Z,1.05335,1.05356,1.0532,1.05356
2023-10-09T12:56:00.000Z,1.05356,1.0536,1.05346,1.05346
2023-10-09T12:57:00.000Z,1.05346,1.05358,1.05343,1.05354
2023-10-09T12:58:00.000Z,1.05354,1.05355,1.05341,1.05343
2023-10-09T12:59:00.000Z,1.05346,1.05346,1.05331,1.05331
2023-10-09T13:00:00.000Z,1.05331,1.05472,1.05328,1.0547
2023-10-09T13:01:00.000Z,1.0547,1.05483,1.05447,1.05473
2023-10-09T13:02:00.000Z,1.05473,1.05492,1.05453,1.05455
2023-10-09T13:03:00.000Z,1.05455,1.05486,1.05444,1.05484
2023-10-09T13:04:00.000Z,1.05484,1.05491,1.05467,1.05467
2023-10-09T13:05:00.000Z,1.05467,1.05474,1.05455,1.05465
2023-10-09T13:06:00.000Z,1.05465,1.05467,1.05429,1.05459
2023-10-09T13:07:00.000Z,1.05459,1.05459,1.05426,1.05443
2023-10-09T13:08:00.000Z,1.05443,1.05445,1.05408,1.05409
2023-10-09T13:09:00.000Z,1.05409,1.05409,1.05387,1.05405
2023-10-09T13:10:00.000Z,1.05405,1.05417,1.05401,1.05403
2023-10-09T13:11:00.000Z,1.05403,1.05411,1.05387,1.0539
2023-10-09T13:12:00.000Z,1.0539,1.05403,1.05378,1.05403
2023-10-09T13:13:00.000Z,1.05403,1.05411,1.05396,1.05406
2023-10-09T13:14:00.000Z,1.05407,1.0542,1.05399,1.05418
2023-10-09T13:15:00.000Z,1.05418,1.05425,1.05404,1.05409
2023-10-09T13:16:00.000Z,1.05409,1.05421,1.05378,1.05378
2023-10-09T13:17:00.000Z,1.05378,1.05396,1.05375,1.05393
2023-10-09T13:18:00.000Z,1.05393,1.05408,1.05393,1.05402
2023-10-09T13:19:00.000Z,1.05402,1.05409,1.05394,1.05402
2023-10-09T13:20:00.000Z,1.05401,1.05446,1.05401,1.05428
2023-10-09T13:21:00.000Z,1.05428,1.05437,1.05422,1.05429
2023-10-09T13:22:00.000Z,1.05429,1.05449,1.05423,1.05432
2023-10-09T13:23:00.000Z,1.05432,1.05449,1.05423,1.05441
2023-10-09T13:24:00.000Z,1.05441,1.05449,1.05434,1.05443
2023-10-09T13:25:00.000Z,1.05441,1.05462,1.05439,1.05454
2023-10-09T13:26:00.000Z,1.05454,1.05469,1.05448,1.05469
2023-10-09T13:27:00.000Z,1.05469,1.05469,1.05457,1.05461
2023-10-09T13:28:00.000Z,1.05461,1.05469,1.05455,1.05469
2023-10-09T13:29:00.000Z,1.05469,1.0547,1.05457,1.05464
2023-10-09T13:30:00.000Z,1.05464,1.05481,1.05457,1.05466
2023-10-09T13:31:00.000Z,1.05466,1.0549,1.05459,1.05489
2023-10-09T13:32:00.000Z,1.05489,1.05494,1.05455,1.05465
2023-10-09T13:33:00.000Z,1.05465,1.05474,1.05452,1.05473
2023-10-09T13:34:00.000Z,1.05473,1.05488,1.05455,1.05455
2023-10-09T13:35:00.000Z,1.05455,1.05458,1.0544,1.05447
2023-10-09T13:36:00.000Z,1.05447,1.05473,1.05441,1.05469
2023-10-09T13:37:00.000Z,1.05469,1.05487,1.05452,1.05484
2023-10-09T13:38:00.000Z,1.05484,1.05488,1.05476,1.0548
2023-10-09T13:39:00.000Z,1.05481,1.05505,1.05479,1.05494
2023-10-09T13:40:00.000Z,1.05494,1.05499,1.05485,1.05499
2023-10-09T13:41:00.000Z,1.05498,1.05504,1.05485,1.05497
2023-10-09T13:42:00.000Z,1.05499,1.05534,1.05495,1.05533
2023-10-09T13:43:00.000Z,1.05533,1.05535,1.05522,1.05525
2023-10-09T13:44:00.000Z,1.05525,1.0553,1.05511,1.05511
2023-10-09T13:45:00.000Z,1.05513,1.0553,1.05509,1.05516
2023-10-09T13:46:00.000Z,1.05516,1.05516,1.05492,1.0551
2023-10-09T13:47:00.000Z,1.0551,1.0552,1.05489,1.0549
2023-10-09T13:48:00.000Z,1.0549,1.05513,1.05489,1.05509
2023-10-09T13:49:00.000Z,1.05509,1.05525,1.05509,1.05519
2023-10-09T13:50:00.000Z,1.05519,1.05532,1.05516,1.05532
2023-10-09T13:51:00.000Z,1.05532,1.05532,1.05508,1.05518
2023-10-09T13:52:00.000Z,1.05518,1.05529,1.05504,1.05527
2023-10-09T13:53:00.000Z,1.05527,1.05539,1.05525,1.05537
2023-10-09T13:54:00.000Z,1.05537,1.05544,1.05532,1.05533
2023-10-09T13:55:00.000Z,1.05533,1.05543,1.05523,1.05539
2023-10-09T13:56:00.000Z,1.05539,1.05547,1.05537,1.05539
2023-10-09T13:57:00.000Z,1.05539,1.05547,1.05538,1.05543
2023-10-09T13:58:00.000Z,1.05544,1.05545,1.05518,1.05526
2023-10-09T13:59:00.000Z,1.05526,1.05531,1.05519,1.0553
2023-10-09T14:00:00.000Z,1.0553,1.05576,1.05525,1.05563
2023-10-09T14:01:00.000Z,1.05563,1.05569,1.05546,1.05562
2023-10-09T14:02:00.000Z,1.05562,1.05569,1.05543,1.05543
2023-10-09T14:03:00.000Z,1.05543,1.05549,1.05529,1.05533
2023-10-09T14:04:00.000Z,1.05533,1.05534,1.05498,1.05507
2023-10-09T14:05:00.000Z,1.05509,1.05515,1.05501,1.05515
2023-10-09T14:06:00.000Z,1.05517,1.05525,1.05503,1.05503
2023-10-09T14:07:00.000Z,1.05503,1.05509,1.05481,1.05481
2023-10-09T14:08:00.000Z,1.05481,1.05506,1.05481,1.055
2023-10-09T14:09:00.000Z,1.055,1.05516,1.05494,1.05495
2023-10-09T14:10:00.000Z,1.05495,1.0551,1.05488,1.055
2023-10-09T14:11:00.000Z,1.055,1.055,1.05459,1.0546
2023-10-09T14:12:00.000Z,1.0546,1.05462,1.05451,1.05459
2023-10-09T14:13:00.000Z,1.05459,1.05471,1.05439,1.0546
2023-10-09T14:14:00.000Z,1.0546,1.05489,1.05459,1.05489
2023-10-09T14:15:00.000Z,1.05489,1.05505,1.05485,1.05504
2023-10-09T14:16:00.000Z,1.05504,1.05531,1.05503,1.05514
2023-10-09T14:17:00.000Z,1.05514,1.0552,1.05507,1.05513
2023-10-09T14:18:00.000Z,1.05513,1.05521,1.05511,1.05519
2023-10-09T14:19:00.000Z,1.05519,1.05531,1.05519,1.05525
2023-10-09T14:20:00.000Z,1.05525,1.05533,1.05514,1.05522
2023-10-09T14:21:00.000Z,1.05522,1.05522,1.05497,1.05497
2023-10-09T14:22:00.000Z,1.05501,1.05513,1.05501,1.05506
2023-10-09T14:23:00.000Z,1.05506,1.05513,1.05495,1.0551
2023-10-09T14:24:00.000Z,1.0551,1.05522,1.05499,1.05515
2023-10-09T14:25:00.000Z,1.05515,1.05516,1.05494,1.05494
2023-10-09T14:26:00.000Z,1.05495,1.05529,1.05493,1.05522
2023-10-09T14:27:00.000Z,1.05523,1.05524,1.05506,1.05519
2023-10-09T14:28:00.000Z,1.05519,1.0552,1.05478,1.05485
2023-10-09T14:29:00.000Z,1.05485,1.05485,1.05476,1.05482
2023-10-09T14:30:00.000Z,1.0548,1.05503,1.05478,1.0549
2023-10-09T14:31:00.000Z,1.0549,1.05514,1.0549,1.05511
2023-10-09T14:32:00.000Z,1.05511,1.05511,1.05484,1.0549
2023-10-09T14:33:00.000Z,1.05488,1.055,1.05485,1.05496
2023-10-09T14:34:00.000Z,1.05496,1.05501,1.05449,1.05449
2023-10-09T14:35:00.000Z,1.05449,1.05472,1.05449,1.0547
2023-10-09T14:36:00.000Z,1.0547,1.05485,1.05469,1.05477
2023-10-09T14:37:00.000Z,1.05477,1.05477,1.05453,1.05456
2023-10-09T14:38:00.000Z,1.05456,1.05484,1.05456,1.05471
2023-10-09T14:39:00.000Z,1.05471,1.05474,1.05449,1.05451
2023-10-09T14:40:00.000Z,1.05451,1.05453,1.05421,1.05425
2023-10-09T14:41:00.000Z,1.05425,1.0543,1.05411,1.05424
2023-10-09T14:42:00.000Z,1.05424,1.05436,1.05414,1.0543
2023-10-09T14:43:00.000Z,1.0543,1.0545,1.05428,1.05441
2023-10-09T14:44:00.000Z,1.05442,1.05461,1.0544,1.05459
2023-10-09T14:45:00.000Z,1.0546,1.05482,1.0546,1.05482
2023-10-09T14:46:00.000Z,1.05482,1.05491,1.05459,1.05475
2023-10-09T14:47:00.000Z,1.05475,1.05476,1.05457,1.05462
2023-10-09T14:48:00.000Z,1.05462,1.05465,1.05451,1.05459
2023-10-09T14:49:00.000Z,1.05459,1.05459,1.05427,1.05431
2023-10-09T14:50:00.000Z,1.05431,1.05431,1.05405,1.05415
2023-10-09T14:51:00.000Z,1.05415,1.05415,1.05375,1.05386
2023-10-09T14:52:00.000Z,1.05386,1.0542,1.05379,1.05418
2023-10-09T14:53:00.000Z,1.05418,1.05428,1.05408,1.05421
2023-10-09T14:54:00.000Z,1.05421,1.05434,1.0542,1.05433
2023-10-09T14:55:00.000Z,1.05433,1.0544,1.05425,1.05436
2023-10-09T14:56:00.000Z,1.05436,1.05442,1.05433,1.05439
2023-10-09T14:57:00.000Z,1.05439,1.05449,1.05435,1.05447
2023-10-09T14:58:00.000Z,1.05447,1.05463,1.05443,1.05459
2023-10-09T14:59:00.000Z,1.05459,1.05461,1.05451,1.05453
2023-10-09T15:00:00.000Z,1.05453,1.05455,1.05442,1.05444
2023-10-09T15:01:00.000Z,1.05444,1.05456,1.05443,1.05456
2023-10-09T15:02:00.000Z,1.05456,1.05471,1.05437,1.05468
2023-10-09T15:03:00.000Z,1.05468,1.05472,1.05461,1.0547
2023-10-09T15:04:00.000Z,1.0547,1.05482,1.05468,1.05482
2023-10-09T15:05:00.000Z,1.05482,1.05496,1.05481,1.05495
2023-10-09T15:06:00.000Z,1.05495,1.05505,1.05494,1.05504
2023-10-09T15:07:00.000Z,1.05504,1.05505,1.05489,1.05493
2023-10-09T15:08:00.000Z,1.05493,1.05524,1.05493,1.05522
2023-10-09T15:09:00.000Z,1.05522,1.05526,1.05514,1.05516
2023-10-09T15:10:00.000Z,1.05516,1.05529,1.05504,1.05505
2023-10-09T15:11:00.000Z,1.05505,1.05505,1.05489,1.05505
2023-10-09T15:12:00.000Z,1.05505,1.05514,1.05496,1.05501
2023-10-09T15:13:00.000Z,1.05501,1.05501,1.05484,1.05484
2023-10-09T15:14:00.000Z,1.05484,1.0549,1.05482,1.05484
2023-10-09T15:15:00.000Z,1.05484,1.05488,1.05471,1.05488
2023-10-09T15:16:00.000Z,1.05488,1.05499,1.05487,1.05487
2023-10-09T15:17:00.000Z,1.05487,1.05492,1.05477,1.05478
2023-10-09T15:18:00.000Z,1.05478,1.0548,1.05464,1.05472
2023-10-09T15:19:00.000Z,1.05472,1.05478,1.05465,1.05478
2023-10-09T15:20:00.000Z,1.05479,1.05481,1.05457,1.05458
2023-10-09T15:21:00.000Z,1.05458,1.05458,1.05439,1.05445
2023-10-09T15:22:00.000Z,1.05445,1.05478,1.05442,1.05478
2023-10-09T15:23:00.000Z,1.05478,1.05478,1.05471,1.05472
2023-10-09T15:24:00.000Z,1.05472,1.05474,1.05454,1.05454
2023-10-09T15:25:00.000Z,1.05453,1.05454,1.05432,1.05433
2023-10-09T15:26:00.000Z,1.05433,1.05457,1.05432,1.05449
2023-10-09T15:27:00.000Z,1.05449,1.05463,1.05444,1.05463
2023-10-09T15:28:00.000Z,1.05463,1.05472,1.05459,1.05468
2023-10-09T15:29:00.000Z,1.05468,1.05477,1.05458,1.05474
2023-10-09T15:30:00.000Z,1.05474,1.05483,1.05467,1.05475
2023-10-09T15:31:00.000Z,1.05475,1.05475,1.05451,1.05454
2023-10-09T15:32:00.000Z,1.05454,1.05455,1.05442,1.05442
2023-10-09T15:33:00.000Z,1.05442,1.05454,1.05441,1.05444
2023-10-09T15:34:00.000Z,1.05444,1.05449,1.05441,1.05447
2023-10-09T15:35:00.000Z,1.05447,1.05449,1.05436,1.05444
2023-10-09T15:36:00.000Z,1.05444,1.0547,1.05444,1.05469
2023-10-09T15:37:00.000Z,1.05469,1.05492,1.05468,1.05488
2023-10-09T15:38:00.000Z,1.05488,1.05488,1.05475,1.05475
2023-10-09T15:39:00.000Z,1.05475,1.05482,1.05475,1.05479
2023-10-09T15:40:00.000Z,1.05479,1.05479,1.05438,1.05443
2023-10-09T15:41:00.000Z,1.05443,1.05443,1.05432,1.0544
2023-10-09T15:42:00.000Z,1.0544,1.05441,1.05424,1.05425
2023-10-09T15:43:00.000Z,1.05425,1.05437,1.05423,1.05435
2023-10-09T15:44:00.000Z,1.05435,1.05445,1.05435,1.05439
2023-10-09T15:45:00.000Z,1.05439,1.05439,1.05424,1.05427
2023-10-09T15:46:00.000Z,1.05427,1.05427,1.05404,1.05409
2023-10-09T15:47:00.000Z,1.05409,1.05424,1.05404,1.05423
2023-10-09T15:48:00.000Z,1.05424,1.05432,1.05424,1.05428
2023-10-09T15:49:00.000Z,1.05428,1.05434,1.05424,1.05424
2023-10-09T15:50:00.000Z,1.05424,1.05424,1.05414,1.05422
2023-10-09T15:51:00.000Z,1.05422,1.05439,1.05421,1.05439
2023-10-09T15:52:00.000Z,1.05439,1.05445,1.05436,1.0544
2023-10-09T15:53:00.000Z,1.0544,1.0544,1.05431,1.05431
2023-10-09T15:54:00.000Z,1.05431,1.05431,1.05418,1.05425
2023-10-09T15:55:00.000Z,1.05426,1.05426,1.05411,1.05417
2023-10-09T15:56:00.000Z,1.05417,1.0542,1.05405,1.05405
2023-10-09T15:57:00.000Z,1.05405,1.05408,1.05393,1.05406
2023-10-09T15:58:00.000Z,1.05406,1.05411,1.05396,1.05398
2023-10-09T15:59:00.000Z,1.05398,1.05399,1.05392,1.05395
2023-10-09T16:00:00.000Z,1.05396,1.05404,1.05392,1.05404
2023-10-09T16:01:00.000Z,1.05404,1.0541,1.05393,1.05395
2023-10-09T16:02:00.000Z,1.05397,1.05402,1.05389,1.05395
2023-10-09T16:03:00.000Z,1.05395,1.05402,1.05393,1.05397
2023-10-09T16:04:00.000Z,1.05397,1.05398,1.05386,1.05388
2023-10-09T16:05:00.000Z,1.05388,1.05409,1.05388,1.05404
2023-10-09T16:06:00.000Z,1.05404,1.05421,1.05403,1.05421
2023-10-09T16:07:00.000Z,1.05421,1.05431,1.05417,1.05428
2023-10-09T16:08:00.000Z,1.05428,1.0544,1.05426,1.05428
2023-10-09T16:09:00.000Z,1.05428,1.05437,1.05419,1.05419
2023-10-09T16:10:00.000Z,1.05419,1.05424,1.05407,1.05413
2023-10-09T16:11:00.000Z,1.05413,1.05413,1.05394,1.05394
2023-10-09T16:12:00.000Z,1.05394,1.054,1.05388,1.05396
2023-10-09T16:13:00.000Z,1.05396,1.05404,1.0539,1.05403
2023-10-09T16:14:00.000Z,1.05403,1.05406,1.05384,1.05384
2023-10-09T16:15:00.000Z,1.05384,1.05384,1.05366,1.05372
2023-10-09T16:16:00.000Z,1.05372,1.05373,1.05361,1.05373
2023-10-09T16:17:00.000Z,1.05373,1.05376,1.05361,1.05363
2023-10-09T16:18:00.000Z,1.05363,1.05373,1.05361,1.05373
2023-10-09T16:19:00.000Z,1.05373,1.05382,1.05373,1.05382
2023-10-09T16:20:00.000Z,1.05382,1.05429,1.05381,1.05424
2023-10-09T16:21:00.000Z,1.05424,1.05429,1.05414,1.05429
2023-10-09T16:22:00.000Z,1.05429,1.05433,1.05418,1.05422
2023-10-09T16:23:00.000Z,1.05422,1.05422,1.05392,1.05406
2023-10-09T16:24:00.000Z,1.05406,1.05406,1.05392,1.05399
2023-10-09T16:25:00.000Z,1.05399,1.05415,1.05399,1.05406
2023-10-09T16:26:00.000Z,1.05406,1.05407,1.05401,1.05403
2023-10-09T16:27:00.000Z,1.05403,1.05413,1.054,1.05412
2023-10-09T16:28:00.000Z,1.05412,1.05412,1.05404,1.05408
2023-10-09T16:29:00.000Z,1.05408,1.05409,1.05393,1.05397
2023-10-09T16:30:00.000Z,1.05398,1.05404,1.05393,1.05398
2023-10-09T16:31:00.000Z,1.05398,1.05404,1.05397,1.05403
2023-10-09T16:32:00.000Z,1.05403,1.05418,1.05403,1.05409
2023-10-09T16:33:00.000Z,1.05409,1.05411,1.05399,1.05399
2023-10-09T16:34:00.000Z,1.05399,1.05405,1.05397,1.05403
2023-10-09T16:35:00.000Z,1.05403,1.05404,1.05387,1.05388
2023-10-09T16:36:00.000Z,1.05388,1.05403,1.05388,1.05393
2023-10-09T16:37:00.000Z,1.05393,1.05393,1.05377,1.05378
2023-10-09T16:38:00.000Z,1.05378,1.05383,1.05373,1.05373
2023-10-09T16:39:00.000Z,1.05373,1.05382,1.05373,1.05377
2023-10-09T16:40:00.000Z,1.05377,1.05384,1.05374,1.05382
2023-10-09T16:41:00.000Z,1.05382,1.05383,1.05377,1.05382
2023-10-09T16:42:00.000Z,1.05382,1.05384,1.05378,1.05379
2023-10-09T16:43:00.000Z,1.05379,1.05389,1.05377,1.05389
2023-10-09T16:44:00.000Z,1.05389,1.0539,1.05372,1.05374
2023-10-09T16:45:00.000Z,1.05374,1.05377,1.0537,1.05372
2023-10-09T16:46:00.000Z,1.05372,1.05379,1.05372,1.05379
2023-10-09T16:47:00.000Z,1.05382,1.05389,1.05379,1.05382
2023-10-09T16:48:00.000Z,1.05382,1.05382,1.05367,1.05369
2023-10-09T16:49:00.000Z,1.05369,1.05373,1.05368,1.05373
2023-10-09T16:50:00.000Z,1.05373,1.05388,1.05373,1.05386
2023-10-09T16:51:00.000Z,1.05388,1.05397,1.05385,1.05388
2023-10-09T16:52:00.000Z,1.05388,1.05389,1.05373,1.05373
2023-10-09T16:53:00.000Z,1.05373,1.05373,1.05368,1.0537
2023-10-09T16:54:00.000Z,1.0537,1.05373,1.05366,1.05369
2023-10-09T16:55:00.000Z,1.05369,1.05373,1.05362,1.05363
2023-10-09T16:56:00.000Z,1.0536,1.05369,1.05359,1.05367
2023-10-09T16:57:00.000Z,1.05367,1.05367,1.0535,1.05353
2023-10-09T16:58:00.000Z,1.05353,1.05358,1.05346,1.05356
2023-10-09T16:59:00.000Z,1.05356,1.05363,1.05353,1.05355
2023-10-09T17:00:00.000Z,1.05359,1.05362,1.05353,1.05355
2023-10-09T17:01:00.000Z,1.05355,1.05363,1.05354,1.05362
2023-10-09T17:02:00.000Z,1.05362,1.05369,1.05361,1.05369
2023-10-09T17:03:00.000Z,1.05369,1.05377,1.05367,1.05368
2023-10-09T17:04:00.000Z,1.05368,1.05368,1.05357,1.05357
2023-10-09T17:05:00.000Z,1.05357,1.05362,1.05354,1.05362
2023-10-09T17:06:00.000Z,1.05362,1.05372,1.05358,1.05372
2023-10-09T17:07:00.000Z,1.05372,1.05378,1.05368,1.05373
2023-10-09T17:08:00.000Z,1.05373,1.05381,1.0537,1.05381
2023-10-09T17:09:00.000Z,1.05381,1.05388,1.05381,1.05386
2023-10-09T17:10:00.000Z,1.05387,1.05387,1.05374,1.05375
2023-10-09T17:11:00.000Z,1.05374,1.05386,1.05373,1.05379
2023-10-09T17:12:00.000Z,1.05382,1.05385,1.0538,1.05384
2023-10-09T17:13:00.000Z,1.05384,1.0539,1.05383,1.05384
2023-10-09T17:14:00.000Z,1.05384,1.05387,1.05373,1.05373
2023-10-09T17:15:00.000Z,1.05373,1.05384,1.05373,1.05384
2023-10-09T17:16:00.000Z,1.05383,1.05383,1.05381,1.05382
2023-10-09T17:17:00.000Z,1.05382,1.05386,1.05381,1.05383
2023-10-09T17:18:00.000Z,1.05383,1.05385,1.05378,1.05378
2023-10-09T17:19:00.000Z,1.05378,1.05382,1.05376,1.05382
2023-10-09T17:20:00.000Z,1.05382,1.05382,1.05367,1.05367
2023-10-09T17:21:00.000Z,1.05367,1.05372,1.05366,1.05369
2023-10-09T17:22:00.000Z,1.05369,1.05382,1.05369,1.0538
2023-10-09T17:23:00.000Z,1.0538,1.05382,1.05377,1.05377
2023-10-09T17:24:00.000Z,1.05377,1.05382,1.05377,1.05382
2023-10-09T17:25:00.000Z,1.05382,1.05398,1.05382,1.05397
2023-10-09T17:26:00.000Z,1.05397,1.05399,1.05389,1.05394
2023-10-09T17:27:00.000Z,1.05395,1.05397,1.05389,1.05389
2023-10-09T17:28:00.000Z,1.05389,1.05394,1.05385,1.05387
2023-10-09T17:29:00.000Z,1.05387,1.05388,1.05382,1.05384
2023-10-09T17:30:00.000Z,1.05385,1.05421,1.05384,1.05406
2023-10-09T17:31:00.000Z,1.05406,1.05441,1.05404,1.05441
2023-10-09T17:32:00.000Z,1.05441,1.05463,1.05441,1.05455
2023-10-09T17:33:00.000Z,1.05455,1.05479,1.05451,1.05479
2023-10-09T17:34:00.000Z,1.05479,1.05485,1.05473,1.05483
2023-10-09T17:35:00.000Z,1.05483,1.05491,1.0547,1.05491
2023-10-09T17:36:00.000Z,1.05491,1.05508,1.05491,1.05503
2023-10-09T17:37:00.000Z,1.05503,1.05518,1.05503,1.05513
2023-10-09T17:38:00.000Z,1.05513,1.05542,1.05512,1.05542
2023-10-09T17:39:00.000Z,1.05542,1.05553,1.05538,1.05549
2023-10-09T17:40:00.000Z,1.05552,1.05569,1.05552,1.05568
2023-10-09T17:41:00.000Z,1.05568,1.05584,1.05568,1.05584
2023-10-09T17:42:00.000Z,1.05584,1.05597,1.05584,1.05597
2023-10-09T17:43:00.000Z,1.05597,1.05608,1.05596,1.05608
2023-10-09T17:44:00.000Z,1.05609,1.05614,1.05604,1.05614
2023-10-09T17:45:00.000Z,1.05614,1.05647,1.05614,1.05643
2023-10-09T17:46:00.000Z,1.05644,1.05645,1.0561,1.05617
2023-10-09T17:47:00.000Z,1.05617,1.05622,1.05607,1.05614
2023-10-09T17:48:00.000Z,1.05614,1.05639,1.05614,1.05636
2023-10-09T17:49:00.000Z,1.05635,1.05635,1.05608,1.05616
2023-10-09T17:50:00.000Z,1.05616,1.05622,1.05609,1.05622
2023-10-09T17:51:00.000Z,1.05622,1.05624,1.05607,1.05607
2023-10-09T17:52:00.000Z,1.05607,1.05629,1.05603,1.05618
2023-10-09T17:53:00.000Z,1.05618,1.05629,1.05615,1.05619
2023-10-09T17:54:00.000Z,1.05619,1.05623,1.05609,1.05613
2023-10-09T17:55:00.000Z,1.05613,1.05619,1.05612,1.05618
2023-10-09T17:56:00.000Z,1.05618,1.05624,1.05616,1.05624
2023-10-09T17:57:00.000Z,1.05624,1.05639,1.05623,1.05634
2023-10-09T17:58:00.000Z,1.05636,1.05636,1.05618,1.05624
2023-10-09T17:59:00.000Z,1.05624,1.05638,1.05623,1.05634
2023-10-09T18:00:00.000Z,1.05634,1.0565,1.05633,1.05641
2023-10-09T18:01:00.000Z,1.05641,1.05657,1.05641,1.05642
2023-10-09T18:02:00.000Z,1.05642,1.0567,1.05642,1.05664
2023-10-09T18:03:00.000Z,1.05664,1.0567,1.05656,1.05657
2023-10-09T18:04:00.000Z,1.05657,1.05668,1.05657,1.05668
2023-10-09T18:05:00.000Z,1.05668,1.05668,1.05659,1.05659
2023-10-09T18:06:00.000Z,1.0566,1.05668,1.05652,1.05664
2023-10-09T18:07:00.000Z,1.05664,1.0567,1.05653,1.05654
2023-10-09T18:08:00.000Z,1.05653,1.05668,1.05653,1.05663
2023-10-09T18:09:00.000Z,1.05663,1.05663,1.05654,1.05654
2023-10-09T18:10:00.000Z,1.05654,1.05659,1.05652,1.05652
2023-10-09T18:11:00.000Z,1.05652,1.05658,1.05651,1.05658
2023-10-09T18:12:00.000Z,1.05659,1.05674,1.05659,1.05663
2023-10-09T18:13:00.000Z,1.05663,1.0567,1.0566,1.05668
2023-10-09T18:14:00.000Z,1.05668,1.0567,1.05662,1.0567
2023-10-09T18:15:00.000Z,1.0567,1.05674,1.05659,1.05659
2023-10-09T18:16:00.000Z,1.05659,1.05662,1.05653,1.05659
2023-10-09T18:17:00.000Z,1.05659,1.05662,1.05653,1.05657
2023-10-09T18:18:00.000Z,1.05657,1.05658,1.05651,1.05652
2023-10-09T18:19:00.000Z,1.05652,1.05655,1.05649,1.05653
2023-10-09T18:20:00.000Z,1.05653,1.05658,1.05653,1.05654
2023-10-09T18:21:00.000Z,1.05655,1.05658,1.05654,1.05654
2023-10-09T18:22:00.000Z,1.05654,1.0566,1.05652,1.05654
2023-10-09T18:23:00.000Z,1.05654,1.05663,1.05653,1.05663
2023-10-09T18:24:00.000Z,1.05663,1.05669,1.05659,1.05663
2023-10-09T18:25:00.000Z,1.05663,1.05668,1.05654,1.05657
2023-10-09T18:26:00.000Z,1.05657,1.05662,1.05654,1.05654
2023-10-09T18:27:00.000Z,1.05654,1.05665,1.05654,1.05657
2023-10-09T18:28:00.000Z,1.05657,1.05664,1.05654,1.05664
2023-10-09T18:29:00.000Z,1.05664,1.0567,1.05662,1.05664
2023-10-09T18:30:00.000Z,1.05664,1.05669,1.05664,1.05667
2023-10-09T18:31:00.000Z,1.05667,1.05667,1.05648,1.05657
2023-10-09T18:32:00.000Z,1.05657,1.0567,1.05654,1.05664
2023-10-09T18:33:00.000Z,1.05663,1.05664,1.05652,1.05653
2023-10-09T18:34:00.000Z,1.05653,1.05658,1.05652,1.05653
2023-10-09T18:35:00.000Z,1.05653,1.05659,1.05648,1.0565
2023-10-09T18:36:00.000Z,1.0565,1.0565,1.0563,1.05631
2023-10-09T18:37:00.000Z,1.05631,1.0565,1.05631,1.05647
2023-10-09T18:38:00.000Z,1.05647,1.05647,1.05632,1.05633
2023-10-09T18:39:00.000Z,1.05633,1.05646,1.05631,1.05643
2023-10-09T18:40:00.000Z,1.05643,1.05659,1.05642,1.05657
2023-10-09T18:41:00.000Z,1.05657,1.05659,1.05652,1.05659
2023-10-09T18:42:00.000Z,1.05659,1.05667,1.05659,1.05661
2023-10-09T18:43:00.000Z,1.05661,1.05668,1.05652,1.05664
2023-10-09T18:44:00.000Z,1.05664,1.05667,1.05653,1.05654
2023-10-09T18:45:00.000Z,1.05654,1.05654,1.05626,1.05626
2023-10-09T18:46:00.000Z,1.05626,1.05634,1.05619,1.05624
2023-10-09T18:47:00.000Z,1.05624,1.05629,1.05622,1.05627
2023-10-09T18:48:00.000Z,1.05627,1.05629,1.05618,1.05618
2023-10-09T18:49:00.000Z,1.05618,1.05619,1.05607,1.05607
2023-10-09T18:50:00.000Z,1.05607,1.05619,1.05607,1.05617
2023-10-09T18:51:00.000Z,1.05617,1.05623,1.05611,1.05616
2023-10-09T18:52:00.000Z,1.05616,1.05618,1.05605,1.05606
2023-10-09T18:53:00.000Z,1.05606,1.05613,1.05601,1.05608
2023-10-09T18:54:00.000Z,1.05608,1.05622,1.05608,1.05619
2023-10-09T18:55:00.000Z,1.05619,1.05654,1.05619,1.05654
2023-10-09T18:56:00.000Z,1.05654,1.05663,1.05649,1.05657
2023-10-09T18:57:00.000Z,1.05657,1.05657,1.05643,1.05643
2023-10-09T18:58:00.000Z,1.05643,1.05661,1.05642,1.05658
2023-10-09T18:59:00.000Z,1.05658,1.05658,1.05641,1.05643
2023-10-09T19:00:00.000Z,1.05643,1.05673,1.05642,1.05664
2023-10-09T19:01:00.000Z,1.05664,1.05673,1.05661,1.05673
2023-10-09T19:02:00.000Z,1.05675,1.05688,1.05668,1.05687
2023-10-09T19:03:00.000Z,1.05687,1.05691,1.0568,1.0568
2023-10-09T19:04:00.000Z,1.0568,1.05684,1.05676,1.05678
2023-10-09T19:05:00.000Z,1.05678,1.05692,1.05674,1.05692
2023-10-09T19:06:00.000Z,1.05692,1.05692,1.05673,1.05674
2023-10-09T19:07:00.000Z,1.05674,1.05684,1.05674,1.05682
2023-10-09T19:08:00.000Z,1.05682,1.05683,1.05668,1.05672
2023-10-09T19:09:00.000Z,1.05671,1.05682,1.05668,1.05678
2023-10-09T19:10:00.000Z,1.05678,1.05688,1.05678,1.05682
2023-10-09T19:11:00.000Z,1.05682,1.05685,1.05679,1.05683
2023-10-09T19:12:00.000Z,1.05683,1.05692,1.05682,1.05692
2023-10-09T19:13:00.000Z,1.05692,1.05694,1.05687,1.0569
2023-10-09T19:14:00.000Z,1.05688,1.05697,1.05683,1.05685
2023-10-09T19:15:00.000Z,1.05685,1.05689,1.05678,1.05684
2023-10-09T19:16:00.000Z,1.05684,1.05691,1.05679,1.05683
2023-10-09T19:17:00.000Z,1.05683,1.05693,1.05682,1.05693
2023-10-09T19:18:00.000Z,1.05693,1.05696,1.05687,1.05687
2023-10-09T19:19:00.000Z,1.05687,1.05697,1.05687,1.05691
2023-10-09T19:20:00.000Z,1.05691,1.05694,1.05688,1.05693
2023-10-09T19:21:00.000Z,1.05693,1.05696,1.05689,1.05694
2023-10-09T19:22:00.000Z,1.05694,1.05699,1.05688,1.05697
2023-10-09T19:23:00.000Z,1.05697,1.05701,1.05695,1.05698
2023-10-09T19:24:00.000Z,1.05698,1.05698,1.05691,1.05693
2023-10-09T19:25:00.000Z,1.05693,1.05698,1.05689,1.05693
2023-10-09T19:26:00.000Z,1.05693,1.05696,1.05686,1.05689
2023-10-09T19:27:00.000Z,1.05689,1.05694,1.05688,1.05693
2023-10-09T19:28:00.000Z,1.05693,1.05699,1.05691,1.05699
2023-10-09T19:29:00.000Z,1.05699,1.05699,1.05689,1.05693
2023-10-09T19:30:00.000Z,1.05693,1.05693,1.05677,1.05677
2023-10-09T19:31:00.000Z,1.05677,1.05684,1.05677,1.05682
2023-10-09T19:32:00.000Z,1.05682,1.05689,1.05678,1.05689
2023-10-09T19:33:00.000Z,1.05689,1.05694,1.05686,1.05694
2023-10-09T19:34:00.000Z,1.05694,1.05694,1.05677,1.05679
2023-10-09T19:35:00.000Z,1.05679,1.05679,1.05667,1.05669
2023-10-09T19:36:00.000Z,1.05669,1.05679,1.05669,1.05679
2023-10-09T19:37:00.000Z,1.05679,1.05684,1.05674,1.05683
2023-10-09T19:38:00.000Z,1.05683,1.05689,1.05683,1.05689
2023-10-09T19:39:00.000Z,1.05689,1.05689,1.05678,1.05679
2023-10-09T19:40:00.000Z,1.05679,1.05687,1.05677,1.05684
2023-10-09T19:41:00.000Z,1.05684,1.05684,1.05674,1.05674
2023-10-09T19:42:00.000Z,1.05674,1.05674,1.05672,1.05674
2023-10-09T19:43:00.000Z,1.05674,1.05679,1.05669,1.05679
2023-10-09T19:44:00.000Z,1.05679,1.05684,1.05677,1.05684
2023-10-09T19:45:00.000Z,1.05684,1.05684,1.05684,1.05684
2023-10-09T19:46:00.000Z,1.05684,1.05684,1.05674,1.05674
2023-10-09T19:47:00.000Z,1.05674,1.05679,1.05674,1.05679
2023-10-09T19:48:00.000Z,1.05679,1.05684,1.05677,1.05684
2023-10-09T19:49:00.000Z,1.05684,1.05687,1.05679,1.05683
2023-10-09T19:50:00.000Z,1.0568,1.05684,1.05675,1.05679
2023-10-09T19:51:00.000Z,1.05679,1.05684,1.05679,1.05681
2023-10-09T19:52:00.000Z,1.0568,1.05688,1.0568,1.05688
2023-10-09T19:53:00.000Z,1.05688,1.05697,1.05686,1.05695
2023-10-09T19:54:00.000Z,1.05695,1.05697,1.05684,1.05684
2023-10-09T19:55:00.000Z,1.05687,1.05693,1.05683,1.05693
2023-10-09T19:56:00.000Z,1.05693,1.05697,1.05688,1.05697
2023-10-09T19:57:00.000Z,1.05697,1.05697,1.05681,1.05682
2023-10-09T19:58:00.000Z,1.05682,1.05695,1.05681,1.05695
2023-10-09T19:59:00.000Z,1.05694,1.05698,1.05689,1.05689
2023-10-09T20:00:00.000Z,1.05689,1.05699,1.05684,1.05699
2023-10-09T20:01:00.000Z,1.05699,1.05702,1.05692,1.05692
2023-10-09T20:02:00.000Z,1.05692,1.0571,1.05691,1.05709
2023-10-09T20:03:00.000Z,1.05709,1.05718,1.05708,1.05718
2023-10-09T20:04:00.000Z,1.05718,1.05722,1.05717,1.05722
2023-10-09T20:05:00.000Z,1.05722,1.05722,1.05718,1.05718
2023-10-09T20:06:00.000Z,1.05718,1.05718,1.05712,1.05713
2023-10-09T20:07:00.000Z,1.05713,1.05715,1.05713,1.05713
2023-10-09T20:08:00.000Z,1.05713,1.05715,1.05703,1.05707
2023-10-09T20:09:00.000Z,1.05707,1.0571,1.05707,1.0571
2023-10-09T20:10:00.000Z,1.05712,1.05712,1.05709,1.05709
2023-10-09T20:11:00.000Z,1.05709,1.0571,1.05708,1.05709
2023-10-09T20:12:00.000Z,1.05709,1.05709,1.057,1.057
2023-10-09T20:13:00.000Z,1.057,1.05701,1.05692,1.05694
2023-10-09T20:14:00.000Z,1.05694,1.05696,1.0569,1.05696
2023-10-09T20:15:00.000Z,1.05696,1.05696,1.05691,1.05691
2023-10-09T20:16:00.000Z,1.05691,1.05691,1.05689,1.0569
2023-10-09T20:17:00.000Z,1.0569,1.0569,1.05681,1.05681
2023-10-09T20:18:00.000Z,1.05681,1.05682,1.05681,1.05682
2023-10-09T20:19:00.000Z,1.05682,1.0569,1.05682,1.0569
2023-10-09T20:20:00.000Z,1.0569,1.05692,1.0569,1.05691
2023-10-09T20:21:00.000Z,1.05691,1.05691,1.05689,1.05689
2023-10-09T20:22:00.000Z,1.05689,1.05691,1.05684,1.05687
2023-10-09T20:23:00.000Z,1.05687,1.05687,1.05684,1.05686
2023-10-09T20:24:00.000Z,1.05686,1.05688,1.05686,1.05688
2023-10-09T20:25:00.000Z,1.05688,1.0569,1.05687,1.05687
2023-10-09T20:26:00.000Z,1.05687,1.05689,1.05686,1.05686
2023-10-09T20:27:00.000Z,1.05686,1.05686,1.05676,1.05677
2023-10-09T20:28:00.000Z,1.05676,1.05684,1.05676,1.05683
2023-10-09T20:29:00.000Z,1.05682,1.0569,1.05679,1.0569
2023-10-09T20:30:00.000Z,1.0569,1.05695,1.05689,1.05693
2023-10-09T20:31:00.000Z,1.05692,1.05693,1.05689,1.0569
2023-10-09T20:32:00.000Z,1.0569,1.0569,1.05682,1.05682
2023-10-09T20:33:00.000Z,1.05682,1.05683,1.05679,1.05681
2023-10-09T20:34:00.000Z,1.05681,1.05682,1.05678,1.05678
2023-10-09T20:35:00.000Z,1.05678,1.05678,1.05677,1.05677
2023-10-09T20:36:00.000Z,1.05677,1.05682,1.05677,1.05677
2023-10-09T20:37:00.000Z,1.05677,1.05677,1.05676,1.05677
2023-10-09T20:38:00.000Z,1.05677,1.05677,1.05672,1.05673
2023-10-09T20:39:00.000Z,1.05672,1.05674,1.05668,1.05668
2023-10-09T20:40:00.000Z,1.05669,1.05671,1.05668,1.05669
2023-10-09T20:41:00.000Z,1.05669,1.0567,1.05661,1.05662
2023-10-09T20:42:00.000Z,1.05662,1.05662,1.05655,1.05656
2023-10-09T20:43:00.000Z,1.05656,1.05656,1.0565,1.05652
2023-10-09T20:44:00.000Z,1.05652,1.05657,1.05651,1.05657
2023-10-09T20:45:00.000Z,1.05657,1.05659,1.05653,1.05659
2023-10-09T20:46:00.000Z,1.05659,1.0566,1.05654,1.05655
2023-10-09T20:47:00.000Z,1.05655,1.0566,1.05655,1.05658
2023-10-09T20:48:00.000Z,1.05658,1.0566,1.05658,1.05658
2023-10-09T20:49:00.000Z,1.05657,1.05658,1.05654,1.05656
2023-10-09T20:50:00.000Z,1.05656,1.0566,1.05656,1.05658
2023-10-09T20:51:00.000Z,1.05656,1.05657,1.05656,1.05657
2023-10-09T20:52:00.000Z,1.05657,1.05666,1.05656,1.05666
2023-10-09T20:53:00.000Z,1.05665,1.05665,1.05661,1.05661
2023-10-09T20:54:00.000Z,1.05661,1.05664,1.0565,1.0565
2023-10-09T20:55:00.000Z,1.05649,1.05651,1.05647,1.05651
2023-10-09T20:56:00.000Z,1.05651,1.05651,1.05648,1.0565
2023-10-09T20:57:00.000Z,1.0565,1.05655,1.05649,1.05654
2023-10-09T20:58:00.000Z,1.05654,1.0566,1.05653,1.05653
2023-10-09T20:59:00.000Z,1.05653,1.05662,1.05652,1.05657
2023-10-09T21:05:00.000Z,1.05624,1.05659,1.05624,1.0565
2023-10-09T21:06:00.000Z,1.05649,1.0566,1.05641,1.05652
2023-10-09T21:07:00.000Z,1.05652,1.05653,1.05651,1.05652
2023-10-09T21:08:00.000Z,1.05652,1.05657,1.05651,1.05651
2023-10-09T21:09:00.000Z,1.05651,1.05653,1.05649,1.05651
2023-10-09T21:10:00.000Z,1.05649,1.05649,1.05649,1.05649
2023-10-09T21:11:00.000Z,1.05649,1.05651,1.05649,1.05649
2023-10-09T21:12:00.000Z,1.05649,1.05653,1.05649,1.05652
2023-10-09T21:13:00.000Z,1.05652,1.05658,1.0565,1.05656
2023-10-09T21:14:00.000Z,1.05656,1.05656,1.05655,1.05655
2023-10-09T21:15:00.000Z,1.05655,1.05655,1.05655,1.05655
2023-10-09T21:16:00.000Z,1.05655,1.05658,1.05655,1.05658
2023-10-09T21:17:00.000Z,1.05658,1.05658,1.05658,1.05658
2023-10-09T21:18:00.000Z,1.05658,1.05658,1.05657,1.05658
2023-10-09T21:19:00.000Z,1.05658,1.05658,1.05656,1.05656
2023-10-09T21:20:00.000Z,1.05656,1.05658,1.05654,1.05656
2023-10-09T21:21:00.000Z,1.05656,1.05656,1.05656,1.05656
2023-10-09T21:22:00.000Z,1.05656,1.05656,1.05653,1.05654
2023-10-09T21:23:00.000Z,1.05653,1.05653,1.05649,1.05649
2023-10-09T21:24:00.000Z,1.05649,1.05649,1.05649,1.05649
2023-10-09T21:25:00.000Z,1.05649,1.05649,1.05648,1.05648
2023-10-09T21:26:00.000Z,1.05649,1.0565,1.05649,1.0565
2023-10-09T21:27:00.000Z,1.05649,1.05649,1.05649,1.05649
2023-10-09T21:28:00.000Z,1.05649,1.05651,1.05648,1.0565
2023-10-09T21:29:00.000Z,1.05651,1.05651,1.0565,1.0565
2023-10-09T21:30:00.000Z,1.05648,1.05649,1.05648,1.05649
2023-10-09T21:31:00.000Z,1.05649,1.05651,1.05648,1.05648
2023-10-09T21:32:00.000Z,1.05648,1.05649,1.05647,1.05648
2023-10-09T21:33:00.000Z,1.05648,1.05651,1.05647,1.05651
2023-10-09T21:34:00.000Z,1.05651,1.05651,1.05645,1.05648
2023-10-09T21:35:00.000Z,1.05648,1.05648,1.05646,1.05648
2023-10-09T21:36:00.000Z,1.05648,1.0565,1.05648,1.0565
2023-10-09T21:37:00.000Z,1.0565,1.0565,1.05647,1.05647
2023-10-09T21:38:00.000Z,1.05647,1.05648,1.05645,1.05645
2023-10-09T21:39:00.000Z,1.05645,1.05653,1.05645,1.05646
2023-10-09T21:40:00.000Z,1.05646,1.05648,1.05646,1.05647
2023-10-09T21:41:00.000Z,1.05647,1.0565,1.05646,1.0565
2023-10-09T21:42:00.000Z,1.0565,1.0565,1.05647,1.05647
2023-10-09T21:43:00.000Z,1.05647,1.05648,1.05645,1.05648
2023-10-09T21:44:00.000Z,1.05647,1.05648,1.05647,1.05647
2023-10-09T21:45:00.000Z,1.05647,1.05649,1.05646,1.05646
2023-10-09T21:46:00.000Z,1.05646,1.05648,1.05646,1.05647
2023-10-09T21:47:00.000Z,1.05647,1.05648,1.05646,1.05647
2023-10-09T21:48:00.000Z,1.05647,1.05648,1.05646,1.05647
2023-10-09T21:49:00.000Z,1.05647,1.0566,1.05646,1.05657
2023-10-09T21:50:00.000Z,1.05657,1.05657,1.05649,1.05649
2023-10-09T21:51:00.000Z,1.05648,1.05649,1.05645,1.05645
2023-10-09T21:52:00.000Z,1.05645,1.05647,1.05644,1.05645
2023-10-09T21:53:00.000Z,1.05645,1.05645,1.05645,1.05645
2023-10-09T21:54:00.000Z,1.05645,1.05647,1.05644,1.05646
2023-10-09T21:55:00.000Z,1.05646,1.05647,1.05645,1.05646
2023-10-09T21:56:00.000Z,1.05646,1.05648,1.05646,1.05647
2023-10-09T21:57:00.000Z,1.05647,1.05663,1.05647,1.05649
2023-10-09T21:58:00.000Z,1.05649,1.0566,1.05647,1.05659
2023-10-09T21:59:00.000Z,1.05659,1.05666,1.05648,1.05652
2023-10-09T22:00:00.000Z,1.05652,1.05664,1.05652,1.05663
2023-10-09T22:01:00.000Z,1.05663,1.05666,1.05663,1.05665
2023-10-09T22:02:00.000Z,1.05665,1.05669,1.05664,1.05668
2023-10-09T22:03:00.000Z,1.05668,1.05669,1.05666,1.05666
2023-10-09T22:04:00.000Z,1.05666,1.05675,1.05666,1.05675
2023-10-09T22:05:00.000Z,1.05675,1.05675,1.05675,1.05675
2023-10-09T22:06:00.000Z,1.05673,1.05673,1.0567,1.0567
2023-10-09T22:07:00.000Z,1.0567,1.0567,1.05668,1.05668
2023-10-09T22:08:00.000Z,1.05668,1.05669,1.05668,1.05669
2023-10-09T22:09:00.000Z,1.05669,1.05669,1.05669,1.05669
2023-10-09T22:10:00.000Z,1.05669,1.05669,1.05668,1.05669
2023-10-09T22:11:00.000Z,1.05669,1.05672,1.05669,1.05671
2023-10-09T22:12:00.000Z,1.05671,1.05672,1.05671,1.05671
2023-10-09T22:13:00.000Z,1.05671,1.05679,1.05671,1.05676
2023-10-09T22:14:00.000Z,1.05676,1.05688,1.05676,1.05688
2023-10-09T22:15:00.000Z,1.05688,1.05697,1.05688,1.05695
2023-10-09T22:16:00.000Z,1.05696,1.05701,1.05695,1.05696
2023-10-09T22:17:00.000Z,1.05696,1.05697,1.05695,1.05696
2023-10-09T22:18:00.000Z,1.05696,1.05698,1.05696,1.05696
2023-10-09T22:19:00.000Z,1.05696,1.05696,1.05691,1.05692
2023-10-09T22:20:00.000Z,1.05692,1.05702,1.05692,1.05696
2023-10-09T22:21:00.000Z,1.05696,1.05699,1.05696,1.05696
2023-10-09T22:22:00.000Z,1.05696,1.05704,1.05696,1.05704
2023-10-09T22:23:00.000Z,1.05704,1.05704,1.057,1.05702
2023-10-09T22:24:00.000Z,1.05702,1.0570599999999999,1.05702,1.05704
2023-10-09T22:25:00.000Z,1.05704,1.0570599999999999,1.05701,1.05701
2023-10-09T22:26:00.000Z,1.05701,1.05705,1.05701,1.05705
2023-10-09T22:27:00.000Z,1.05705,1.0571,1.05705,1.05709
2023-10-09T22:28:00.000Z,1.05709,1.05712,1.05709,1.0571
2023-10-09T22:29:00.000Z,1.0571,1.05711,1.0571,1.05711
2023-10-09T22:30:00.000Z,1.05711,1.05714,1.05709,1.05714
2023-10-09T22:31:00.000Z,1.05714,1.05714,1.05704,1.05704
2023-10-09T22:32:00.000Z,1.05704,1.0571,1.05704,1.0571
2023-10-09T22:33:00.000Z,1.0571,1.05711,1.05709,1.0571
2023-10-09T22:34:00.000Z,1.0571,1.05711,1.0571,1.05711
2023-10-09T22:35:00.000Z,1.05711,1.05711,1.05709,1.05709
2023-10-09T22:36:00.000Z,1.05709,1.05711,1.05709,1.05709
2023-10-09T22:37:00.000Z,1.05709,1.05716,1.05709,1.05711
2023-10-09T22:38:00.000Z,1.05711,1.05713,1.05711,1.05713
2023-10-09T22:39:00.000Z,1.05713,1.05713,1.05713,1.05713
2023-10-09T22:40:00.000Z,1.05713,1.05713,1.05713,1.05713
2023-10-09T22:41:00.000Z,1.05713,1.05716,1.05713,1.05716
2023-10-09T22:42:00.000Z,1.05716,1.05716,1.05714,1.05714
2023-10-09T22:43:00.000Z,1.05714,1.05714,1.05707,1.05708
2023-10-09T22:44:00.000Z,1.05707,1.05708,1.05707,1.05707
2023-10-09T22:45:00.000Z,1.05707,1.05707,1.05707,1.05707
2023-10-09T22:46:00.000Z,1.05707,1.05709,1.05704,1.05704
2023-10-09T22:47:00.000Z,1.05704,1.05704,1.05704,1.05704
2023-10-09T22:48:00.000Z,1.05704,1.05704,1.05704,1.05704
2023-10-09T22:49:00.000Z,1.05704,1.05704,1.05704,1.05704
2023-10-09T22:50:00.000Z,1.05704,1.05704,1.05703,1.05703
2023-10-09T22:51:00.000Z,1.05703,1.05703,1.05699,1.05699
2023-10-09T22:52:00.000Z,1.05699,1.05699,1.05698,1.05699
2023-10-09T22:53:00.000Z,1.05699,1.05699,1.05694,1.05694
2023-10-09T22:54:00.000Z,1.05694,1.05694,1.05694,1.05694
2023-10-09T22:55:00.000Z,1.05694,1.05694,1.05693,1.05693
2023-10-09T22:56:00.000Z,1.05693,1.05693,1.05693,1.05693
2023-10-09T22:57:00.000Z,1.05693,1.05693,1.05693,1.05693
2023-10-09T22:58:00.000Z,1.05693,1.05693,1.05693,1.05693
2023-10-09T22:59:00.000Z,1.05693,1.05693,1.05688,1.05688
2023-10-09T23:00:00.000Z,1.05687,1.05688,1.05682,1.05682
2023-10-09T23:01:00.000Z,1.05682,1.05684,1.05682,1.05683
2023-10-09T23:02:00.000Z,1.05683,1.05683,1.05679,1.05679
2023-10-09T23:03:00.000Z,1.05679,1.05682,1.05678,1.05682
2023-10-09T23:04:00.000Z,1.05682,1.05684,1.05682,1.05683
2023-10-09T23:05:00.000Z,1.05683,1.05685,1.05683,1.05685
2023-10-09T23:06:00.000Z,1.05685,1.05691,1.05684,1.05691
2023-10-09T23:07:00.000Z,1.05691,1.05693,1.05691,1.05692
2023-10-09T23:08:00.000Z,1.05692,1.05695,1.05692,1.05694
2023-10-09T23:09:00.000Z,1.05694,1.05698,1.05694,1.05695
2023-10-09T23:10:00.000Z,1.05695,1.05699,1.05695,1.05699
2023-10-09T23:11:00.000Z,1.05699,1.05703,1.05698,1.05703
2023-10-09T23:12:00.000Z,1.05703,1.05704,1.05703,1.05703
2023-10-09T23:13:00.000Z,1.05703,1.05703,1.05703,1.05703
2023-10-09T23:14:00.000Z,1.05703,1.0571,1.05703,1.0571
2023-10-09T23:15:00.000Z,1.0571,1.05714,1.05708,1.05714
2023-10-09T23:16:00.000Z,1.05714,1.05714,1.05709,1.05709
2023-10-09T23:17:00.000Z,1.05709,1.05709,1.05707,1.05707
2023-10-09T23:18:00.000Z,1.05707,1.05733,1.05707,1.05732
2023-10-09T23:19:00.000Z,1.05732,1.05733,1.05732,1.05732
2023-10-09T23:20:00.000Z,1.05732,1.05743,1.05729,1.05743
2023-10-09T23:21:00.000Z,1.05743,1.05743,1.05738,1.05738
2023-10-09T23:22:00.000Z,1.05738,1.05741,1.05731,1.05741
2023-10-09T23:23:00.000Z,1.05741,1.05742,1.0574,1.0574
2023-10-09T23:24:00.000Z,1.0574,1.05741,1.05738,1.0574
2023-10-09T23:25:00.000Z,1.0574,1.05742,1.0574,1.05741
2023-10-09T23:26:00.000Z,1.05741,1.05743,1.05739,1.0574
2023-10-09T23:27:00.000Z,1.0574,1.05741,1.0574,1.0574
2023-10-09T23:28:00.000Z,1.0574,1.05742,1.05736,1.05741
2023-10-09T23:29:00.000Z,1.05741,1.05741,1.05741,1.05741
2023-10-09T23:30:00.000Z,1.05741,1.05756,1.05741,1.05756
2023-10-09T23:31:00.000Z,1.05757,1.05761,1.05756,1.05761
2023-10-09T23:32:00.000Z,1.05761,1.05761,1.05756,1.05759
2023-10-09T23:33:00.000Z,1.05759,1.05762,1.05756,1.05761
2023-10-09T23:34:00.000Z,1.05759,1.05765,1.05759,1.05765
2023-10-09T23:35:00.000Z,1.05765,1.05765,1.05761,1.05764
2023-10-09T23:36:00.000Z,1.05764,1.05765,1.05764,1.05765
2023-10-09T23:37:00.000Z,1.05765,1.05769,1.05765,1.05765
2023-10-09T23:38:00.000Z,1.05765,1.05777,1.05765,1.05777
2023-10-09T23:39:00.000Z,1.05777,1.05786,1.05777,1.05785
2023-10-09T23:40:00.000Z,1.05785,1.05798,1.0578,1.05797
2023-10-09T23:41:00.000Z,1.05797,1.05797,1.0579,1.0579
2023-10-09T23:42:00.000Z,1.05791,1.05792,1.0579,1.05791
2023-10-09T23:43:00.000Z,1.05791,1.05792,1.05787,1.05788
2023-10-09T23:44:00.000Z,1.05788,1.05788,1.0578,1.05787
2023-10-09T23:45:00.000Z,1.05785,1.05787,1.05777,1.05779
2023-10-09T23:46:00.000Z,1.05779,1.05787,1.05777,1.05785
2023-10-09T23:47:00.000Z,1.05785,1.05785,1.05781,1.05782
2023-10-09T23:48:00.000Z,1.05782,1.05782,1.05781,1.05782
2023-10-09T23:49:00.000Z,1.05782,1.05788,1.05779,1.05782
2023-10-09T23:50:00.000Z,1.05782,1.05786,1.05777,1.05785
2023-10-09T23:51:00.000Z,1.05785,1.05786,1.05782,1.05785
2023-10-09T23:52:00.000Z,1.05785,1.05788,1.05782,1.05787
2023-10-09T23:53:00.000Z,1.05787,1.05796,1.05787,1.05796
2023-10-09T23:54:00.000Z,1.05796,1.05797,1.0579,1.05795
2023-10-09T23:55:00.000Z,1.05795,1.05796,1.05792,1.05795
2023-10-09T23:56:00.000Z,1.05795,1.05798,1.05792,1.05796
2023-10-09T23:57:00.000Z,1.05796,1.05796,1.05785,1.05787
2023-10-09T23:58:00.000Z,1.05787,1.0579,1.05785,1.05786
2023-10-09T23:59:00.000Z,1.05786,1.05791,1.05785,1.05786
2023-10-10T00:00:00.000Z,1.05786,1.0582,1.05786,1.05804
2023-10-10T00:01:00.000Z,1.05804,1.05835,1.05797,1.0583
2023-10-10T00:02:00.000Z,1.0583,1.0583,1.05806,1.05807
2023-10-10T00:03:00.000Z,1.05807,1.05808,1.05779,1.0578400000000001
2023-10-10T00:04:00.000Z,1.0578400000000001,1.05805,1.0578400000000001,1.05793
2023-10-10T00:05:00.000Z,1.05793,1.05808,1.05793,1.05806
2023-10-10T00:06:00.000Z,1.05806,1.0581,1.05804,1.05806
2023-10-10T00:07:00.000Z,1.05806,1.05824,1.05803,1.05814
2023-10-10T00:08:00.000Z,1.05814,1.05824,1.05811,1.05819
2023-10-10T00:09:00.000Z,1.05819,1.05822,1.05797,1.05799
2023-10-10T00:10:00.000Z,1.058,1.058,1.05765,1.05768
2023-10-10T00:11:00.000Z,1.05768,1.05769,1.05751,1.0576
2023-10-10T00:12:00.000Z,1.0576,1.05764,1.05748,1.05752
2023-10-10T00:13:00.000Z,1.05752,1.05771,1.05747,1.05761
2023-10-10T00:14:00.000Z,1.05761,1.05761,1.05752,1.05756
2023-10-10T00:15:00.000Z,1.05759,1.05781,1.05754,1.0577
2023-10-10T00:16:00.000Z,1.0577,1.05771,1.0575,1.05753
2023-10-10T00:17:00.000Z,1.05753,1.05756,1.05714,1.05714
2023-10-10T00:18:00.000Z,1.05714,1.05736,1.05709,1.05736
2023-10-10T00:19:00.000Z,1.05736,1.05755,1.05735,1.05754
2023-10-10T00:20:00.000Z,1.05754,1.05762,1.05751,1.05757
2023-10-10T00:21:00.000Z,1.05757,1.05757,1.0575,1.05757
2023-10-10T00:22:00.000Z,1.05757,1.05759,1.05743,1.05745
2023-10-10T00:23:00.000Z,1.05745,1.05762,1.05744,1.05762
2023-10-10T00:24:00.000Z,1.05762,1.05765,1.05751,1.05755
2023-10-10T00:25:00.000Z,1.05755,1.05777,1.05755,1.0576699999999999
2023-10-10T00:26:00.000Z,1.0576699999999999,1.05771,1.05756,1.05761
2023-10-10T00:27:00.000Z,1.05761,1.05772,1.05759,1.05771
2023-10-10T00:28:00.000Z,1.05771,1.05771,1.0576,1.05763
2023-10-10T00:29:00.000Z,1.05763,1.05775,1.05763,1.05766
2023-10-10T00:30:00.000Z,1.05763,1.0576699999999999,1.05759,1.0576
2023-10-10T00:31:00.000Z,1.0576,1.0576,1.05745,1.05747
2023-10-10T00:32:00.000Z,1.05747,1.05747,1.05735,1.05741
2023-10-10T00:33:00.000Z,1.05741,1.05749,1.0574,1.0574
2023-10-10T00:34:00.000Z,1.0574,1.05744,1.05728,1.05735
2023-10-10T00:35:00.000Z,1.05735,1.05744,1.05735,1.05738
2023-10-10T00:36:00.000Z,1.05738,1.0574,1.05713,1.05715
2023-10-10T00:37:00.000Z,1.05715,1.05725,1.0571,1.05717
2023-10-10T00:38:00.000Z,1.05717,1.05729,1.05716,1.05724
2023-10-10T00:39:00.000Z,1.05724,1.05739,1.05724,1.05731
2023-10-10T00:40:00.000Z,1.05731,1.05737,1.05725,1.05725
2023-10-10T00:41:00.000Z,1.05725,1.05734,1.05724,1.05733
2023-10-10T00:42:00.000Z,1.05733,1.05734,1.05724,1.05733
2023-10-10T00:43:00.000Z,1.05734,1.05734,1.05716,1.05716
2023-10-10T00:44:00.000Z,1.05716,1.05719,1.05709,1.05717
2023-10-10T00:45:00.000Z,1.05719,1.0572300000000001,1.05713,1.0572300000000001
2023-10-10T00:46:00.000Z,1.0572300000000001,1.05735,1.05722,1.05728
2023-10-10T00:47:00.000Z,1.05728,1.05729,1.05718,1.05724
2023-10-10T00:48:00.000Z,1.05724,1.05735,1.05724,1.0573
2023-10-10T00:49:00.000Z,1.0573,1.0573,1.0572,1.05729
2023-10-10T00:50:00.000Z,1.05729,1.05734,1.05725,1.0573
2023-10-10T00:51:00.000Z,1.0573,1.05735,1.05713,1.05713
2023-10-10T00:52:00.000Z,1.05713,1.05715,1.05709,1.05711
2023-10-10T00:53:00.000Z,1.05711,1.05725,1.05711,1.0572300000000001
2023-10-10T00:54:00.000Z,1.0572300000000001,1.05752,1.0572300000000001,1.05752
2023-10-10T00:55:00.000Z,1.05754,1.05764,1.05746,1.0575
2023-10-10T00:56:00.000Z,1.0575,1.05752,1.05725,1.05725
2023-10-10T00:57:00.000Z,1.05725,1.05735,1.05724,1.05724
2023-10-10T00:58:00.000Z,1.05724,1.05726,1.05716,1.05724
2023-10-10T00:59:00.000Z,1.05724,1.05733,1.05724,1.05726
2023-10-10T01:00:00.000Z,1.05726,1.05734,1.05714,1.05729
2023-10-10T01:01:00.000Z,1.05729,1.05739,1.05725,1.05735
2023-10-10T01:02:00.000Z,1.05735,1.05741,1.0573,1.05737
2023-10-10T01:03:00.000Z,1.05737,1.05737,1.0573,1.05735
2023-10-10T01:04:00.000Z,1.05735,1.0574,1.0573,1.05734
2023-10-10T01:05:00.000Z,1.05734,1.05742,1.05732,1.05735
2023-10-10T01:06:00.000Z,1.05735,1.05744,1.05735,1.05739
2023-10-10T01:07:00.000Z,1.05739,1.05739,1.0573,1.0573
2023-10-10T01:08:00.000Z,1.05735,1.05742,1.05734,1.05734
2023-10-10T01:09:00.000Z,1.05734,1.05739,1.05707,1.05715
2023-10-10T01:10:00.000Z,1.05715,1.05722,1.05709,1.05719
2023-10-10T01:11:00.000Z,1.05719,1.05721,1.05711,1.05715
2023-10-10T01:12:00.000Z,1.05715,1.05735,1.05713,1.05735
2023-10-10T01:13:00.000Z,1.05735,1.05744,1.05735,1.05741
2023-10-10T01:14:00.000Z,1.05742,1.05744,1.05731,1.05739
2023-10-10T01:15:00.000Z,1.05739,1.0579,1.05739,1.05785
2023-10-10T01:16:00.000Z,1.05785,1.05801,1.05775,1.05776
2023-10-10T01:17:00.000Z,1.05776,1.05787,1.05772,1.05776
2023-10-10T01:18:00.000Z,1.05776,1.05778,1.0576699999999999,1.05778
2023-10-10T01:19:00.000Z,1.05777,1.05782,1.0577,1.05782
2023-10-10T01:20:00.000Z,1.05782,1.05792,1.05781,1.05787
2023-10-10T01:21:00.000Z,1.05787,1.05791,1.05781,1.05782
2023-10-10T01:22:00.000Z,1.05782,1.05801,1.0578,1.05797
2023-10-10T01:23:00.000Z,1.05797,1.05802,1.05785,1.05785
2023-10-10T01:24:00.000Z,1.05785,1.05802,1.05775,1.05801
2023-10-10T01:25:00.000Z,1.05801,1.05807,1.05795,1.05796
2023-10-10T01:26:00.000Z,1.05797,1.05805,1.05791,1.05795
2023-10-10T01:27:00.000Z,1.05795,1.05799,1.0579,1.05797
2023-10-10T01:28:00.000Z,1.05797,1.05802,1.05785,1.05785
2023-10-10T01:29:00.000Z,1.05785,1.05786,1.05776,1.05777
2023-10-10T01:30:00.000Z,1.05777,1.05792,1.05765,1.05791
2023-10-10T01:31:00.000Z,1.05791,1.05791,1.05779,1.05781
2023-10-10T01:32:00.000Z,1.05781,1.05783,1.05762,1.05782
2023-10-10T01:33:00.000Z,1.05782,1.05787,1.05773,1.05773
2023-10-10T01:34:00.000Z,1.05772,1.05772,1.05758,1.05766
2023-10-10T01:35:00.000Z,1.05766,1.05776,1.05752,1.05752
2023-10-10T01:36:00.000Z,1.05752,1.05759,1.05744,1.05755
